1000,3.931666664096211,12,nan,nan,0.5,nan,13.544329040564763,"runs\SAC_enc256_3\chkpts\2026-04-25-13_08_56.pt",12,0,4,-3.0
2000,5.051499994099136,20,nan,nan,0.5,nan,14.136685143588297,"runs\SAC_enc256_3\chkpts\2026-04-25-13_10_04.pt",8,0,0,-3.0
3000,6.272499989159402,29,nan,nan,0.5,nan,14.195792615625788,"runs\SAC_enc256_3\chkpts\2026-04-25-13_11_13.pt",9,0,0,-3.0
4000,5.9404999899864155,38,nan,nan,0.5,nan,14.225760621624888,"runs\SAC_enc256_3\chkpts\2026-04-25-13_12_23.pt",9,0,0,-3.0
5000,6.685499987024812,45,1.7943394184112549,-1.4692362546920776,0.49999502301216125,0.5367327928543091,14.38174049362991,"runs\SAC_enc256_3\chkpts\2026-04-25-13_13_30.pt",7,0,0,-3.0
6000,7.201499983873217,51,0.634920597076416,-7.024969577789307,0.4950132369995117,6.011640548706055,13.914585842631853,"runs\SAC_enc256_3\chkpts\2026-04-25-13_14_53.pt",6,0,0,-3.0
7000,6.673499985616654,62,2.950819969177246,-11.245931625366211,0.490081250667572,10.23488998413086,13.323667399665759,"runs\SAC_enc256_3\chkpts\2026-04-25-13_16_28.pt",11,0,0,-3.0
8000,5.9979999877885,71,2.3271989822387695,-15.987921714782715,0.4851985573768616,14.985605239868164,13.00787450236207,"runs\SAC_enc256_3\chkpts\2026-04-25-13_17_57.pt",9,0,0,-3.0
9000,6.431999984346329,79,5.05962610244751,-18.64063262939453,0.48036420345306396,17.658615112304688,12.817552112787332,"runs\SAC_enc256_3\chkpts\2026-04-25-13_19_24.pt",8,0,0,-3.0
10000,7.004499981701379,87,13.918954849243164,-22.52698516845703,0.47557806968688965,21.551570892333984,12.705573413739335,"runs\SAC_enc256_3\chkpts\2026-04-25-13_20_49.pt",8,0,0,-3.0
11000,7.566499979142106,95,2.232912063598633,-26.305267333984375,0.47083958983421326,25.33694076538086,12.613511589050537,"runs\SAC_enc256_3\chkpts\2026-04-25-13_22_14.pt",8,0,0,-3.0
12000,8.165499975048014,102,3.5156002044677734,-29.82624053955078,0.46614861488342285,28.868879318237305,12.566995639257721,"runs\SAC_enc256_3\chkpts\2026-04-25-13_23_37.pt",7,0,0,-3.0
13000,8.401999973878272,109,1.9420087337493896,-32.17436599731445,0.46150484681129456,31.229429244995117,12.514994509149775,"runs\SAC_enc256_3\chkpts\2026-04-25-13_25_01.pt",7,0,0,-3.0
14000,7.352499980051074,119,20.051464080810547,-34.07014083862305,0.456906795501709,33.145484924316406,12.382731959116159,"runs\SAC_enc256_3\chkpts\2026-04-25-13_26_33.pt",10,0,0,-3.0
15000,6.115999986976382,127,6.585056781768799,-36.38285827636719,0.452355295419693,35.44560623168945,12.314940589765516,"runs\SAC_enc256_3\chkpts\2026-04-25-13_28_00.pt",8,0,0,-3.0
16000,6.250499984044581,137,12.296361923217773,-39.01250457763672,0.44784823060035706,38.09300994873047,12.20966295006568,"runs\SAC_enc256_3\chkpts\2026-04-25-13_29_33.pt",10,0,0,-3.0
17000,8.309499973822403,140,18.245624542236328,-38.479976654052734,0.4433891475200653,37.572044372558594,12.251605954209488,"runs\SAC_enc256_3\chkpts\2026-04-25-13_30_50.pt",3,0,0,-3.0
18000,9.434999967347853,147,15.792854309082031,-43.80867004394531,0.43897244334220886,42.91728210449219,12.217848451034929,"runs\SAC_enc256_3\chkpts\2026-04-25-13_32_15.pt",7,0,0,-3.0
19000,10.28516528645533,154,14.576333999633789,-45.564476013183594,0.43459945917129517,44.66907501220703,12.193048417155588,"runs\SAC_enc256_3\chkpts\2026-04-25-13_33_40.pt",7,1,0,-3.0
20000,9.163165291585043,161,29.075759887695312,-46.14754104614258,0.4302700161933899,45.271663665771484,12.17004915820494,"runs\SAC_enc256_3\chkpts\2026-04-25-13_35_06.pt",7,0,0,-3.0
21000,9.158165291212514,165,27.188613891601562,-47.53920364379883,0.42598751187324524,46.65998840332031,12.197590492717836,"runs\SAC_enc256_3\chkpts\2026-04-25-13_36_24.pt",4,0,0,-3.0
22000,9.861499966438881,171,14.633512496948242,-47.61370849609375,0.42174479365348816,46.74519348144531,12.188664919489955,"runs\SAC_enc256_3\chkpts\2026-04-25-13_37_47.pt",6,0,0,-3.0
23000,10.533999963142005,179,27.113327026367188,-49.39081573486328,0.4175429046154022,48.531829833984375,12.150344366153119,"runs\SAC_enc256_3\chkpts\2026-04-25-13_39_15.pt",8,0,0,-3.0
24000,7.738499975819147,187,18.16577911376953,-50.929222106933594,0.41338616609573364,50.078834533691406,12.116789464607736,"runs\SAC_enc256_3\chkpts\2026-04-25-13_40_43.pt",8,0,0,-3.0
25000,8.136499974355107,193,39.47626495361328,-49.70220947265625,0.40927135944366455,48.860313415527344,12.111913934128639,"runs\SAC_enc256_3\chkpts\2026-04-25-13_42_06.pt",6,0,0,-3.0
26000,8.333999974746265,201,18.02505874633789,-52.69152069091797,0.4051935374736786,51.86566162109375,12.081141673581534,"runs\SAC_enc256_3\chkpts\2026-04-25-13_43_34.pt",8,0,0,-3.0
27000,9.495499970093391,207,20.416488647460938,-56.46734619140625,0.40116092562675476,55.64311218261719,12.079620716478198,"runs\SAC_enc256_3\chkpts\2026-04-25-13_44_57.pt",6,0,0,-3.0
28000,10.459499963372973,211,20.960350036621094,-54.663726806640625,0.3971768021583557,53.84671401977539,12.102261212941904,"runs\SAC_enc256_3\chkpts\2026-04-25-13_46_16.pt",4,0,0,-3.0
29000,11.832264836207068,215,11.556568145751953,-51.00160217285156,0.39322376251220703,50.219764709472656,12.125324127707271,"runs\SAC_enc256_3\chkpts\2026-04-25-13_47_34.pt",4,1,0,-3.0
30000,13.439231274053503,221,32.760459899902344,-52.26485061645508,0.389316588640213,51.46711730957031,12.123621100716719,"runs\SAC_enc256_3\chkpts\2026-04-25-13_48_57.pt",6,1,0,-3.0
31000,13.99773127125581,226,23.87820053100586,-55.53316116333008,0.3854404389858246,54.74757385253906,12.12903992291083,"runs\SAC_enc256_3\chkpts\2026-04-25-13_50_18.pt",5,0,0,-3.0
32000,15.27290286891168,229,56.542274475097656,-51.273765563964844,0.3816051185131073,50.49690628051758,12.162623763190481,"runs\SAC_enc256_3\chkpts\2026-04-25-13_51_33.pt",3,2,0,-3.0
33000,15.38240287059924,233,18.520397186279297,-54.128440856933594,0.3778051435947418,53.35967254638672,12.177893298806273,"runs\SAC_enc256_3\chkpts\2026-04-25-13_52_52.pt",4,0,0,-3.0
34000,15.252671540603103,236,50.56496047973633,-54.834869384765625,0.3740411400794983,54.0783576965332,12.201827934709163,"runs\SAC_enc256_3\chkpts\2026-04-25-13_54_09.pt",3,0,0,-3.0
35000,17.55667153142398,240,31.209468841552734,-53.24684143066406,0.3703146278858185,52.48486328125,12.215522190251074,"runs\SAC_enc256_3\chkpts\2026-04-25-13_55_27.pt",4,0,0,-3.0
36000,16.470671538021463,246,24.635025024414062,-55.90861129760742,0.3666270971298218,55.179100036621094,12.208081939521817,"runs\SAC_enc256_3\chkpts\2026-04-25-13_56_51.pt",6,0,0,-3.0
37000,14.088999945577267,251,52.91563415527344,-53.180782318115234,0.36297428607940674,52.43042755126953,12.2117282722867,"runs\SAC_enc256_3\chkpts\2026-04-25-13_58_12.pt",5,0,0,-3.0
38000,14.209999945461785,256,36.33479690551758,-54.21887969970703,0.35935917496681213,53.4818115234375,12.214194283681433,"runs\SAC_enc256_3\chkpts\2026-04-25-13_59_33.pt",5,0,0,-3.0
39000,10.781499962545968,264,80.83090209960938,-59.27811050415039,0.35577866435050964,58.54913330078125,12.191070420048327,"runs\SAC_enc256_3\chkpts\2026-04-25-14_01_01.pt",8,0,0,-3.0
40000,7.799999976474797,272,21.83185577392578,-54.22685623168945,0.35223379731178284,53.5109748840332,12.168512646547422,"runs\SAC_enc256_3\chkpts\2026-04-25-14_02_29.pt",8,0,0,-3.0
41000,8.11199997574092,277,33.47160339355469,-53.663047790527344,0.34872427582740784,52.951900482177734,12.172821981951666,"runs\SAC_enc256_3\chkpts\2026-04-25-14_03_50.pt",5,0,0,-3.0
42000,10.588827816415609,282,43.670921325683594,-52.76582336425781,0.3452497124671936,52.059200286865234,12.178921246988851,"runs\SAC_enc256_3\chkpts\2026-04-25-14_05_11.pt",5,1,0,-3.0
43000,12.58482780674477,286,32.80863571166992,-55.857357025146484,0.34181079268455505,55.168731689453125,12.190475901261674,"runs\SAC_enc256_3\chkpts\2026-04-25-14_06_30.pt",4,0,0,-3.0
44000,13.298827803991788,291,38.654998779296875,-53.452144622802734,0.3384051024913788,52.764034271240234,12.192732494363145,"runs\SAC_enc256_3\chkpts\2026-04-25-14_07_51.pt",5,0,0,-3.0
45000,15.238827794473627,293,24.1646728515625,-54.29682922363281,0.33503472805023193,53.61294174194336,12.2197630910818,"runs\SAC_enc256_3\chkpts\2026-04-25-14_09_05.pt",2,0,0,-3.0
46000,14.313327798992399,300,27.869935989379883,-55.811798095703125,0.3316965401172638,55.13566589355469,12.207988071774812,"runs\SAC_enc256_3\chkpts\2026-04-25-14_10_30.pt",7,0,0,-3.0
47000,13.351999948844306,305,41.926849365234375,-56.57952117919922,0.3283916711807251,55.902915954589844,12.210677114380738,"runs\SAC_enc256_3\chkpts\2026-04-25-14_11_51.pt",5,0,0,-3.0
48000,8.642999971471738,315,41.85980224609375,-54.138343811035156,0.3251197040081024,53.47212219238281,12.1774408937191,"runs\SAC_enc256_3\chkpts\2026-04-25-14_13_24.pt",10,0,0,-3.0
49000,9.08249996980654,320,23.153579711914062,-56.216651916503906,0.3218803405761719,55.56459045410156,12.177543565124008,"runs\SAC_enc256_3\chkpts\2026-04-25-14_14_46.pt",5,0,0,-3.0
50000,8.885435700155806,325,30.07603645324707,-55.545772552490234,0.3186732530593872,54.88818359375,12.183096840025192,"runs\SAC_enc256_3\chkpts\2026-04-25-14_16_06.pt",5,1,0,-3.0
51000,10.26243569521235,331,27.533790588378906,-56.629966735839844,0.31549811363220215,55.983272552490234,12.180156816678585,"runs\SAC_enc256_3\chkpts\2026-04-25-14_17_29.pt",6,0,0,-3.0
52000,12.110935686435582,337,36.78618621826172,-52.378055572509766,0.3123568594455719,51.742305755615234,12.176183984308182,"runs\SAC_enc256_3\chkpts\2026-04-25-14_18_53.pt",6,0,0,-3.0
53000,12.502935684286092,342,39.49977493286133,-53.04867935180664,0.30924463272094727,52.421112060546875,12.178866283748938,"runs\SAC_enc256_3\chkpts\2026-04-25-14_20_14.pt",5,0,0,-3.0
54000,10.746999963652367,348,73.33106994628906,-54.537879943847656,0.3061634600162506,53.91225051879883,12.175432548980885,"runs\SAC_enc256_3\chkpts\2026-04-25-14_21_37.pt",6,0,0,-3.0
55000,10.196999962888679,355,20.79484748840332,-49.93901443481445,0.3031129539012909,49.320777893066406,12.165471853721227,"runs\SAC_enc256_3\chkpts\2026-04-25-14_23_03.pt",7,0,0,-3.0
56000,9.822499965708724,361,33.87932205200195,-56.592323303222656,0.3000928461551666,55.97221374511719,12.161381791084569,"runs\SAC_enc256_3\chkpts\2026-04-25-14_24_27.pt",6,0,0,-3.0
57000,10.012499964423501,366,30.894588470458984,-57.84974670410156,0.2971028685569763,57.2309455871582,12.164073561438796,"runs\SAC_enc256_3\chkpts\2026-04-25-14_25_48.pt",5,0,0,-3.0
58000,9.859999967608623,374,31.421979904174805,-53.37708282470703,0.29414263367652893,52.77677536010742,12.148394079339717,"runs\SAC_enc256_3\chkpts\2026-04-25-14_27_16.pt",8,0,0,-3.0
59000,9.825999970622384,379,23.955785751342773,-55.83148193359375,0.29121190309524536,55.23441696166992,12.15108211993989,"runs\SAC_enc256_3\chkpts\2026-04-25-14_28_38.pt",5,0,0,-3.0
60000,8.680999975111352,387,63.42181396484375,-56.308937072753906,0.28831037878990173,55.715850830078125,12.13563047647525,"runs\SAC_enc256_3\chkpts\2026-04-25-14_30_06.pt",8,0,0,-3.0
61000,8.433999975714844,394,35.35105895996094,-56.7611198425293,0.2854381799697876,56.179473876953125,12.12755774020197,"runs\SAC_enc256_3\chkpts\2026-04-25-14_31_32.pt",7,0,0,-3.0
62000,8.28899997426198,402,36.58197784423828,-53.815467834472656,0.2825941741466522,53.24378204345703,12.114981519908374,"runs\SAC_enc256_3\chkpts\2026-04-25-14_33_00.pt",8,0,0,-3.0
63000,8.344499972928325,408,26.363962173461914,-51.6904296875,0.27977851033210754,51.116302490234375,12.111789776216137,"runs\SAC_enc256_3\chkpts\2026-04-25-14_34_24.pt",6,0,0,-3.0
64000,9.569999966993944,413,71.36079406738281,-51.62853240966797,0.2769908905029297,51.066226959228516,12.122250694966704,"runs\SAC_enc256_3\chkpts\2026-04-25-14_35_42.pt",5,0,0,-3.0
65000,9.587499968782081,419,51.6800651550293,-49.97309875488281,0.2742314636707306,49.424842834472656,12.126865219071734,"runs\SAC_enc256_3\chkpts\2026-04-25-14_37_02.pt",6,0,0,-3.0
66000,11.483476821035175,424,20.692584991455078,-51.739524841308594,0.2714991569519043,51.187477111816406,12.13661445995148,"runs\SAC_enc256_3\chkpts\2026-04-25-14_38_20.pt",5,1,0,-3.0
67000,12.32797681629661,429,35.14109802246094,-51.021697998046875,0.26879405975341797,50.475677490234375,12.14237529264695,"runs\SAC_enc256_3\chkpts\2026-04-25-14_39_40.pt",5,0,0,-3.0
68000,11.724476820025627,436,37.83229446411133,-50.4480094909668,0.26611587405204773,49.898033142089844,12.137287312354097,"runs\SAC_enc256_3\chkpts\2026-04-25-14_41_05.pt",7,0,0,-3.0
69000,12.070999952908643,441,66.67030334472656,-49.15419006347656,0.26346442103385925,48.6177864074707,12.142657179578054,"runs\SAC_enc256_3\chkpts\2026-04-25-14_42_25.pt",5,0,0,-3.0
70000,9.20699996763842,450,32.817420959472656,-47.64006042480469,0.2608393430709839,47.10511779785156,12.128436577077686,"runs\SAC_enc256_3\chkpts\2026-04-25-14_43_54.pt",9,0,0,-3.0
71000,8.856969484556476,457,25.17867088317871,-46.91484832763672,0.2582404315471649,46.389808654785156,12.125368076558788,"runs\SAC_enc256_3\chkpts\2026-04-25-14_45_18.pt",7,1,0,-3.0
72000,7.435969492290172,465,29.096343994140625,-51.10908889770508,0.25566744804382324,50.581764221191406,12.116873785950506,"runs\SAC_enc256_3\chkpts\2026-04-25-14_46_44.pt",8,0,0,-3.0
73000,9.147969483882203,469,33.29253387451172,-48.314998626708984,0.2531200349330902,47.79490661621094,12.126759220331571,"runs\SAC_enc256_3\chkpts\2026-04-25-14_48_02.pt",4,0,0,-3.0
74000,9.6189694815688,475,21.592132568359375,-49.14374923706055,0.25059807300567627,48.638816833496094,12.126924082226735,"runs\SAC_enc256_3\chkpts\2026-04-25-14_49_24.pt",6,0,0,-3.0
75000,10.315499963108472,482,23.452617645263672,-49.12210464477539,0.2481025606393814,48.62224578857422,12.121435251598106,"runs\SAC_enc256_3\chkpts\2026-04-25-14_50_50.pt",7,0,0,-3.0
76000,9.455999967455881,489,29.280712127685547,-46.547149658203125,0.24563097953796387,46.04383087158203,12.114993775571712,"runs\SAC_enc256_3\chkpts\2026-04-25-14_52_15.pt",7,0,0,-3.0
77000,9.853499965351096,494,24.865161895751953,-46.42943572998047,0.24318361282348633,45.933448791503906,12.115979688930128,"runs\SAC_enc256_3\chkpts\2026-04-25-14_53_37.pt",5,0,0,-3.0
78000,8.973499970305724,502,31.508834838867188,-44.269744873046875,0.24076062440872192,43.7752799987793,12.104225624966324,"runs\SAC_enc256_3\chkpts\2026-04-25-14_55_06.pt",8,0,0,-3.0
79000,9.197999970540419,509,24.125967025756836,-45.929656982421875,0.23836179077625275,45.441200256347656,12.096641619928207,"runs\SAC_enc256_3\chkpts\2026-04-25-14_56_33.pt",7,0,0,-3.0
80000,8.378499975483873,515,33.47478485107422,-46.780487060546875,0.2359868586063385,46.29861068725586,12.094220153558695,"runs\SAC_enc256_3\chkpts\2026-04-25-14_57_57.pt",6,0,0,-3.0
81000,7.186499979291115,525,23.926156997680664,-44.434112548828125,0.2336355596780777,43.95811080932617,12.076169685201215,"runs\SAC_enc256_3\chkpts\2026-04-25-14_59_30.pt",10,0,0,-3.0
82000,6.395499982051551,534,26.53191375732422,-43.95580291748047,0.231307715177536,43.47594451904297,12.06288028444289,"runs\SAC_enc256_3\chkpts\2026-04-25-15_01_00.pt",9,0,0,-3.0
83000,7.469499977156528,540,28.42342758178711,-43.06694030761719,0.22900302708148956,42.59579086303711,12.061807085040417,"runs\SAC_enc256_3\chkpts\2026-04-25-15_02_23.pt",6,0,0,-3.0
84000,8.085499974582351,548,23.90380859375,-42.690284729003906,0.22672134637832642,42.22589111328125,12.053642064786272,"runs\SAC_enc256_3\chkpts\2026-04-25-15_03_51.pt",8,0,0,-3.0
85000,9.54449996691199,553,31.13794708251953,-42.27851867675781,0.2244623899459839,41.82611846923828,12.05683505096443,"runs\SAC_enc256_3\chkpts\2026-04-25-15_05_12.pt",5,0,0,-3.0
86000,9.8039999653958,559,19.380237579345703,-38.45806884765625,0.22222593426704407,38.003536224365234,12.056182952464429,"runs\SAC_enc256_3\chkpts\2026-04-25-15_06_35.pt",6,0,0,-3.0
87000,10.883999960217658,565,24.792879104614258,-42.913150787353516,0.22001175582408905,42.464927673339844,12.055339484564868,"runs\SAC_enc256_3\chkpts\2026-04-25-15_07_59.pt",6,0,0,-3.0
88000,8.723499970939026,574,22.705963134765625,-39.67488098144531,0.21781966090202332,39.22872543334961,12.04235746376224,"runs\SAC_enc256_3\chkpts\2026-04-25-15_09_30.pt",9,0,0,-3.0
89000,6.7044999829865946,582,51.880279541015625,-40.950523376464844,0.21564936637878418,40.510009765625,12.033443912053825,"runs\SAC_enc256_3\chkpts\2026-04-25-15_10_58.pt",8,0,0,-3.0
90000,6.378999985493715,592,29.242984771728516,-40.33387756347656,0.2135007232427597,39.89455032348633,12.013371477966443,"runs\SAC_enc256_3\chkpts\2026-04-25-15_12_34.pt",10,0,0,-3.0
91000,5.931999987084414,600,57.522499084472656,-39.08900833129883,0.2113734781742096,38.655433654785156,12.005293840955305,"runs\SAC_enc256_3\chkpts\2026-04-25-15_14_02.pt",8,0,0,-3.0
92000,7.154499981813134,608,28.890499114990234,-40.07192611694336,0.20926742255687714,39.654720306396484,11.997928482710156,"runs\SAC_enc256_3\chkpts\2026-04-25-15_15_30.pt",8,0,0,-3.0
93000,8.320999973416335,613,21.602060317993164,-40.11595153808594,0.20718245208263397,39.6945686340332,12.000969944499612,"runs\SAC_enc256_3\chkpts\2026-04-25-15_16_52.pt",5,0,0,-3.0
94000,10.048805532697605,619,25.906312942504883,-37.96888732910156,0.2051185965538025,37.54783630371094,12.002854798965338,"runs\SAC_enc256_3\chkpts\2026-04-25-15_18_14.pt",6,2,0,-3.0
95000,10.508305529337395,625,19.519210815429688,-36.98147964477539,0.2030748575925827,36.56664276123047,12.002376194381057,"runs\SAC_enc256_3\chkpts\2026-04-25-15_19_37.pt",6,0,0,-3.0
96000,11.238448951561034,630,33.988643646240234,-36.308998107910156,0.2010515034198761,35.902198791503906,12.006617420283888,"runs\SAC_enc256_3\chkpts\2026-04-25-15_20_58.pt",5,1,0,-3.0
97000,12.67513332962994,635,20.444074630737305,-37.087608337402344,0.19904950261116028,36.686622619628906,12.011038825773964,"runs\SAC_enc256_3\chkpts\2026-04-25-15_22_18.pt",5,1,0,-3.0
98000,11.346334470808536,641,24.95169448852539,-36.84855270385742,0.1970662772655487,36.44778823852539,12.010313258133886,"runs\SAC_enc256_3\chkpts\2026-04-25-15_23_42.pt",6,0,0,-3.0
99000,12.626835226565639,647,28.982070922851562,-35.013648986816406,0.1951027661561966,34.61100769042969,12.010919291404448,"runs\SAC_enc256_3\chkpts\2026-04-25-15_25_05.pt",6,1,0,-3.0
100000,10.636144146341852,653,18.035743713378906,-33.173500061035156,0.1931588351726532,32.78137969970703,12.010343172713537,"runs\SAC_enc256_3\chkpts\2026-04-25-15_26_28.pt",6,0,0,-3.0
101000,8.472144160624605,662,15.031106948852539,-34.560462951660156,0.1912342756986618,34.16606521606445,12.000424444764107,"runs\SAC_enc256_3\chkpts\2026-04-25-15_27_59.pt",9,0,0,-3.0
102000,8.854499969240292,668,12.689862251281738,-33.22960662841797,0.1893288940191269,32.8417854309082,12.000400191357375,"runs\SAC_enc256_3\chkpts\2026-04-25-15_29_22.pt",6,0,0,-3.0
103000,7.557999977767477,679,11.685735702514648,-33.850975036621094,0.18744249641895294,33.466583251953125,11.984272423828735,"runs\SAC_enc256_3\chkpts\2026-04-25-15_30_57.pt",11,0,0,-3.0
104000,5.428499992284918,688,24.997819900512695,-30.695972442626953,0.18557488918304443,30.317367553710938,11.974287466753932,"runs\SAC_enc256_3\chkpts\2026-04-25-15_32_27.pt",9,0,0,-3.0
105000,6.211499986089764,696,22.413856506347656,-29.77458953857422,0.18372590839862823,29.399490356445312,11.968075545502812,"runs\SAC_enc256_3\chkpts\2026-04-25-15_33_56.pt",8,0,0,-3.0
106000,5.887999985385684,707,12.844304084777832,-28.677207946777344,0.18189533054828644,28.307079315185547,11.952490722285061,"runs\SAC_enc256_3\chkpts\2026-04-25-15_35_31.pt",11,0,0,-3.0
107000,8.155999972056613,710,18.913944244384766,-31.465700149536133,0.1800829917192459,31.097904205322266,11.961686870294994,"runs\SAC_enc256_3\chkpts\2026-04-25-15_36_47.pt",3,0,0,-3.0
108000,9.374999965857736,717,10.99160385131836,-27.353246688842773,0.17828871309757233,26.98636245727539,11.958815620619749,"runs\SAC_enc256_3\chkpts\2026-04-25-15_38_13.pt",7,0,0,-3.0
109000,10.042999964375072,724,14.12252426147461,-26.435623168945312,0.17651231586933136,26.073699951171875,11.95570235587444,"runs\SAC_enc256_3\chkpts\2026-04-25-15_39_39.pt",7,0,0,-3.0
110000,9.691499967873119,730,25.499103546142578,-30.738624572753906,0.1747536063194275,30.383058547973633,11.9559739379959,"runs\SAC_enc256_3\chkpts\2026-04-25-15_41_03.pt",6,0,0,-3.0
111000,9.03899997111411,737,13.97220516204834,-28.84417152404785,0.17301245033740997,28.487438201904297,11.953074542460975,"runs\SAC_enc256_3\chkpts\2026-04-25-15_42_28.pt",7,0,0,-3.0
112000,9.955999966003025,743,13.132888793945312,-26.14066505432129,0.1712885946035385,25.7882137298584,11.95336395334197,"runs\SAC_enc256_3\chkpts\2026-04-25-15_43_52.pt",6,0,0,-3.0
113000,9.856488858256512,748,15.564275741577148,-30.253137588500977,0.16958194971084595,29.906063079833984,11.957804448095379,"runs\SAC_enc256_3\chkpts\2026-04-25-15_45_12.pt",5,1,0,-3.0
114000,10.430988854579654,755,19.653493881225586,-27.801036834716797,0.16789232194423676,27.460506439208984,11.95506362781492,"runs\SAC_enc256_3\chkpts\2026-04-25-15_46_38.pt",7,0,0,-3.0
115000,9.471488856282104,763,16.834287643432617,-27.035940170288086,0.16621948778629303,26.69474983215332,11.949384620967516,"runs\SAC_enc256_3\chkpts\2026-04-25-15_48_06.pt",8,0,0,-3.0
116000,9.207499965317561,769,16.436208724975586,-24.776256561279297,0.1645633578300476,24.443347930908203,11.949834157702632,"runs\SAC_enc256_3\chkpts\2026-04-25-15_49_29.pt",6,0,0,-3.0
117000,9.833499961793445,773,19.17291831970215,-23.13941764831543,0.16292370855808258,22.80535888671875,11.95751984447687,"runs\SAC_enc256_3\chkpts\2026-04-25-15_50_47.pt",4,0,0,-3.0
118000,11.314999954681877,779,10.04812240600586,-25.003692626953125,0.1613009124994278,24.676334381103516,11.959533505718284,"runs\SAC_enc256_3\chkpts\2026-04-25-15_52_09.pt",6,0,0,-3.0
119000,10.104499962199505,787,14.343072891235352,-24.398391723632812,0.15969377756118774,24.073081970214844,11.955966467026952,"runs\SAC_enc256_3\chkpts\2026-04-25-15_53_35.pt",8,0,0,-3.0
120000,9.205499966647496,794,12.819229125976562,-22.770092010498047,0.15810264647006989,22.444427490234375,11.95531298586874,"runs\SAC_enc256_3\chkpts\2026-04-25-15_55_00.pt",7,0,0,-3.0
121000,10.822499957922862,797,14.308894157409668,-23.599414825439453,0.15652738511562347,23.2779541015625,11.965662847772643,"runs\SAC_enc256_3\chkpts\2026-04-25-15_56_14.pt",3,0,0,-3.0
122000,10.219499961473057,803,9.343505859375,-26.43523597717285,0.154967799782753,26.12053680419922,11.967036341351216,"runs\SAC_enc256_3\chkpts\2026-04-25-15_57_37.pt",6,0,0,-3.0
123000,11.203783952202665,810,24.44463348388672,-24.868736267089844,0.1534237563610077,24.556228637695312,11.966953293714761,"runs\SAC_enc256_3\chkpts\2026-04-25-15_59_00.pt",7,1,0,-3.0
124000,8.96778396662326,818,13.170236587524414,-22.791236877441406,0.15189510583877563,22.48233413696289,11.96301943746917,"runs\SAC_enc256_3\chkpts\2026-04-25-16_00_27.pt",8,0,0,-3.0
125000,7.311783976778391,826,17.674585342407227,-21.815275192260742,0.1503816694021225,21.508621215820312,11.959218748190258,"runs\SAC_enc256_3\chkpts\2026-04-25-16_01_54.pt",8,0,0,-3.0
126000,6.517499984651804,834,13.299659729003906,-20.78265953063965,0.14888332784175873,20.478946685791016,11.95572605965675,"runs\SAC_enc256_3\chkpts\2026-04-25-16_03_21.pt",8,0,0,-3.0
127000,7.1004999802261635,841,36.78499984741211,-21.255298614501953,0.1473999172449112,20.952598571777344,11.954800822765243,"runs\SAC_enc256_3\chkpts\2026-04-25-16_04_46.pt",7,0,0,-3.0
128000,8.15199997549878,846,5.812778472900391,-19.603431701660156,0.14593127369880676,19.30282974243164,11.958977951330217,"runs\SAC_enc256_3\chkpts\2026-04-25-16_06_05.pt",5,0,0,-3.0
129000,9.536999968495246,853,29.535491943359375,-21.866762161254883,0.14447729289531708,21.574499130249023,11.958189556153702,"runs\SAC_enc256_3\chkpts\2026-04-25-16_07_30.pt",7,0,0,-3.0
130000,10.008499966114787,860,8.249225616455078,-21.431716918945312,0.14303776621818542,21.13751983642578,11.957128233830192,"runs\SAC_enc256_3\chkpts\2026-04-25-16_08_54.pt",7,0,0,-3.0
131000,10.11699996544051,866,9.635186195373535,-21.198509216308594,0.14161258935928345,20.912063598632812,11.95860276808473,"runs\SAC_enc256_3\chkpts\2026-04-25-16_10_17.pt",6,0,0,-3.0
132000,10.868999960739199,871,13.294600486755371,-20.372180938720703,0.1402016282081604,20.08280372619629,11.962504680224244,"runs\SAC_enc256_3\chkpts\2026-04-25-16_11_37.pt",5,0,0,-3.0
133000,10.692999960649791,877,13.727302551269531,-19.19904327392578,0.13880470395088196,18.918092727661133,11.963236280279473,"runs\SAC_enc256_3\chkpts\2026-04-25-16_13_00.pt",6,0,0,-3.0
134000,9.896999962907312,884,8.265006065368652,-18.27163314819336,0.13742171227931976,17.989517211914062,11.960818054614355,"runs\SAC_enc256_3\chkpts\2026-04-25-16_14_25.pt",7,0,0,-3.0
135000,10.161999961901483,890,9.056854248046875,-20.241708755493164,0.13605248928070068,19.964012145996094,11.961442696359809,"runs\SAC_enc256_3\chkpts\2026-04-25-16_15_48.pt",6,0,0,-3.0
136000,9.239499969389307,897,8.065814971923828,-18.247074127197266,0.13469691574573517,17.97368621826172,11.95965940347584,"runs\SAC_enc256_3\chkpts\2026-04-25-16_17_14.pt",7,0,0,-3.0
137000,10.110999967437257,901,12.805086135864258,-18.59320068359375,0.13335485756397247,18.319808959960938,11.964271157150511,"runs\SAC_enc256_3\chkpts\2026-04-25-16_18_33.pt",4,0,0,-3.0
138000,10.918999964371348,908,4.564526557922363,-18.39365005493164,0.13202615082263947,18.125804901123047,11.96165117848365,"runs\SAC_enc256_3\chkpts\2026-04-25-16_19_59.pt",7,0,0,-3.0
139000,10.985499963406507,913,8.041706085205078,-18.434017181396484,0.13071070611476898,18.16628074645996,11.964115211065844,"runs\SAC_enc256_3\chkpts\2026-04-25-16_21_20.pt",5,0,0,-3.0
140000,9.773499965369721,921,40.709861755371094,-17.909576416015625,0.1294083446264267,17.6442813873291,11.959567374277524,"runs\SAC_enc256_3\chkpts\2026-04-25-16_22_48.pt",8,0,0,-3.0
141000,9.829499964378801,927,3.1528937816619873,-16.92384147644043,0.12811897695064545,16.661785125732422,11.959496713014039,"runs\SAC_enc256_3\chkpts\2026-04-25-16_24_12.pt",6,0,0,-3.0
142000,8.343499970659625,934,5.183489799499512,-16.11963653564453,0.1268424391746521,15.863967895507812,11.957143567082255,"runs\SAC_enc256_3\chkpts\2026-04-25-16_25_38.pt",7,0,0,-3.0
143000,9.12099996788429,941,5.6649651527404785,-16.48904037475586,0.1255786418914795,16.231874465942383,11.954868679647497,"runs\SAC_enc256_3\chkpts\2026-04-25-16_27_04.pt",7,0,0,-3.0
144000,8.984337853994237,948,6.6224045753479,-16.71184539794922,0.1243274137377739,16.458232879638672,11.95305359060609,"runs\SAC_enc256_3\chkpts\2026-04-25-16_28_29.pt",7,1,0,-3.0
145000,9.585837853997964,954,7.185576438903809,-15.963234901428223,0.12308867275714874,15.712221145629883,11.952860230749389,"runs\SAC_enc256_3\chkpts\2026-04-25-16_29_53.pt",6,0,0,-3.0
146000,7.395837864764036,964,8.304301261901855,-16.412397384643555,0.1218622550368309,16.161354064941406,11.943548572605085,"runs\SAC_enc256_3\chkpts\2026-04-25-16_31_26.pt",10,0,0,-3.0
147000,6.121499986946576,972,3.4374098777770996,-15.63923454284668,0.12064807116985321,15.390398979187012,11.939246921479576,"runs\SAC_enc256_3\chkpts\2026-04-25-16_32_54.pt",8,0,0,-3.0
148000,6.820499984659253,980,5.719727039337158,-14.973991394042969,0.11944597959518433,14.728282928466797,11.934919829595566,"runs\SAC_enc256_3\chkpts\2026-04-25-16_34_23.pt",8,0,0,-3.0
149000,6.227499986961481,990,4.426117897033691,-15.426572799682617,0.1182558685541153,15.184443473815918,11.926144835756647,"runs\SAC_enc256_3\chkpts\2026-04-25-16_35_56.pt",10,0,0,-3.0
150000,6.980999981593342,997,7.658076286315918,-15.866156578063965,0.11707761138677597,15.626883506774902,11.92423033462447,"runs\SAC_enc256_3\chkpts\2026-04-25-16_37_22.pt",7,0,0,-3.0
151000,8.385999975521134,1001,3.223438024520874,-15.006925582885742,0.1159110963344574,14.771894454956055,11.929062369821432,"runs\SAC_enc256_3\chkpts\2026-04-25-16_38_40.pt",4,0,0,-3.0
152000,10.03899996632713,1008,3.3262743949890137,-13.46741771697998,0.11475620418787003,13.231922149658203,11.927293875606912,"runs\SAC_enc256_3\chkpts\2026-04-25-16_40_06.pt",7,0,0,-3.0
153000,9.237499971259405,1016,2.4004197120666504,-13.880279541015625,0.1136128231883049,13.647176742553711,11.922738041069112,"runs\SAC_enc256_3\chkpts\2026-04-25-16_41_35.pt",8,0,0,-3.0
154000,6.966499983351679,1024,3.92686128616333,-14.669183731079102,0.11248081922531128,14.435983657836914,11.919017882104857,"runs\SAC_enc256_3\chkpts\2026-04-25-16_43_03.pt",8,0,0,-3.0
155000,7.937999978978193,1029,3.358603000640869,-15.466214179992676,0.1113601103425026,15.238325119018555,11.921215186665936,"runs\SAC_enc256_3\chkpts\2026-04-25-16_44_24.pt",5,0,0,-3.0
156000,8.785499973725546,1037,3.232893228530884,-14.638829231262207,0.1102505549788475,14.413104057312012,11.91728344909876,"runs\SAC_enc256_3\chkpts\2026-04-25-16_45_52.pt",8,0,0,-3.0
157000,8.308999974764898,1045,2.9524991512298584,-13.583494186401367,0.10915206372737885,13.359457969665527,11.913360733027321,"runs\SAC_enc256_3\chkpts\2026-04-25-16_47_21.pt",8,0,0,-3.0
158000,6.165499986018986,1054,3.7495789527893066,-14.15437126159668,0.10806452482938766,13.932297706604004,11.907277427905619,"runs\SAC_enc256_3\chkpts\2026-04-25-16_48_51.pt",9,0,0,-3.0
159000,7.124304760284723,1061,4.302804946899414,-15.116321563720703,0.10698780417442322,14.898064613342285,11.905828670298526,"runs\SAC_enc256_3\chkpts\2026-04-25-16_50_17.pt",7,1,0,-3.0
160000,7.80730475597084,1068,2.434034824371338,-12.919181823730469,0.10592181980609894,12.703834533691406,11.904013620594418,"runs\SAC_enc256_3\chkpts\2026-04-25-16_51_43.pt",7,0,0,-3.0
161000,8.46280475532637,1075,2.631497859954834,-13.97780704498291,0.10486645996570587,13.762495994567871,11.901728664674637,"runs\SAC_enc256_3\chkpts\2026-04-25-16_53_10.pt",7,0,0,-3.0
162000,9.425999971348814,1081,3.0731663703918457,-13.69729995727539,0.10382160544395447,13.481561660766602,11.902338556243553,"runs\SAC_enc256_3\chkpts\2026-04-25-16_54_33.pt",6,0,0,-3.0
163000,8.530499975588183,1089,2.2546815872192383,-11.726457595825195,0.10278717428445816,11.51640796661377,11.89859167026339,"runs\SAC_enc256_3\chkpts\2026-04-25-16_56_01.pt",8,0,0,-3.0
164000,7.7479999764449925,1096,2.3201632499694824,-12.930397033691406,0.1017630323767662,12.72230339050293,11.896519748000985,"runs\SAC_enc256_3\chkpts\2026-04-25-16_57_28.pt",7,0,0,-3.0
165000,8.612499972525994,1101,3.3247876167297363,-12.233611106872559,0.10074911266565323,12.030332565307617,11.898957496984092,"runs\SAC_enc256_3\chkpts\2026-04-25-16_58_49.pt",5,0,0,-3.0
166000,10.029499967414909,1107,2.219902992248535,-12.025787353515625,0.09974528849124908,11.820089340209961,11.89945200677417,"runs\SAC_enc256_3\chkpts\2026-04-25-17_00_12.pt",6,0,0,-3.0
167000,9.70949996717276,1114,2.045496702194214,-12.162549018859863,0.09875146299600601,11.960189819335938,11.897877801402084,"runs\SAC_enc256_3\chkpts\2026-04-25-17_01_38.pt",7,0,0,-3.0
168000,9.05963556358592,1122,3.002837896347046,-12.654521942138672,0.09776753932237625,12.45400333404541,11.89550294368946,"runs\SAC_enc256_3\chkpts\2026-04-25-17_03_05.pt",8,2,0,-3.0
169000,7.925135569646956,1131,2.4058756828308105,-13.15962028503418,0.09679342061281204,12.96297836303711,11.890080840076072,"runs\SAC_enc256_3\chkpts\2026-04-25-17_04_36.pt",9,0,0,-3.0
170000,8.10763556797058,1137,2.420900583267212,-13.212717056274414,0.09582901000976562,13.0177640914917,11.89074124645952,"runs\SAC_enc256_3\chkpts\2026-04-25-17_05_59.pt",6,0,0,-3.0
171000,7.66949997767807,1146,2.2713816165924072,-12.145329475402832,0.09487421065568924,11.951492309570312,11.88663057914174,"runs\SAC_enc256_3\chkpts\2026-04-25-17_07_28.pt",9,0,0,-3.0
172000,7.80849997786806,1152,2.44844651222229,-13.00290298461914,0.09392891824245453,12.81071662902832,11.888210930203504,"runs\SAC_enc256_3\chkpts\2026-04-25-17_08_50.pt",6,0,0,-3.0
173000,8.70549997404219,1157,2.2338638305664062,-12.046915054321289,0.09299305081367493,11.856422424316406,11.891446363057321,"runs\SAC_enc256_3\chkpts\2026-04-25-17_10_10.pt",5,0,0,-3.0
174000,9.505499969013055,1163,2.0367918014526367,-12.085634231567383,0.09206650406122208,11.897687911987305,11.892664565731145,"runs\SAC_enc256_3\chkpts\2026-04-25-17_11_33.pt",6,0,0,-3.0
175000,9.664999969229124,1171,3.3545124530792236,-11.845296859741211,0.09114918112754822,11.660221099853516,11.890526523788782,"runs\SAC_enc256_3\chkpts\2026-04-25-17_13_00.pt",8,0,0,-3.0
176000,8.201999976150706,1179,1.6045300960540771,-12.039642333984375,0.09024101495742798,11.853266716003418,11.88752552875754,"runs\SAC_enc256_3\chkpts\2026-04-25-17_14_28.pt",8,0,0,-3.0
177000,6.416499983184041,1188,1.6756211519241333,-12.10820198059082,0.08934187889099121,11.924819946289062,11.88358763812955,"runs\SAC_enc256_3\chkpts\2026-04-25-17_15_57.pt",9,0,0,-3.0
178000,5.581999987233425,1199,1.8646249771118164,-11.43851375579834,0.08845171332359314,11.25839614868164,11.875888540105361,"runs\SAC_enc256_3\chkpts\2026-04-25-17_17_31.pt",11,0,0,-3.0
179000,6.535499983094631,1204,1.7163424491882324,-11.256155014038086,0.087570421397686,11.075608253479004,11.878525103474672,"runs\SAC_enc256_3\chkpts\2026-04-25-17_18_51.pt",5,0,0,-3.0
180000,7.838999976720672,1211,1.8148508071899414,-11.02709674835205,0.08669789880514145,10.850337982177734,11.881724009597797,"runs\SAC_enc256_3\chkpts\2026-04-25-17_20_11.pt",7,0,0,-3.0
181000,8.263499975223107,1220,1.4281822443008423,-11.055179595947266,0.0858340784907341,10.880340576171875,11.883785220599757,"runs\SAC_enc256_3\chkpts\2026-04-25-17_21_33.pt",9,0,0,-3.0
182000,7.384999978747224,1225,1.777847170829773,-10.96395492553711,0.0849788561463356,10.789243698120117,11.892751027033686,"runs\SAC_enc256_3\chkpts\2026-04-25-17_22_46.pt",5,0,0,-3.0
183000,8.00649997526781,1232,2.379445791244507,-10.763513565063477,0.08413216471672058,10.592378616333008,11.897427285055143,"runs\SAC_enc256_3\chkpts\2026-04-25-17_24_04.pt",7,0,0,-3.0
184000,8.938999971412139,1238,2.380183696746826,-10.94048023223877,0.08329390734434128,10.769798278808594,11.904598073575244,"runs\SAC_enc256_3\chkpts\2026-04-25-17_25_18.pt",6,0,0,-3.0
185000,7.8724999779462905,1246,4.386810302734375,-10.49165153503418,0.08246399462223053,10.323019027709961,11.908027793828078,"runs\SAC_enc256_3\chkpts\2026-04-25-17_26_38.pt",8,0,0,-3.0
186000,9.24099997231738,1252,1.387032389640808,-10.858766555786133,0.08164235204458237,10.691734313964844,11.914930676243555,"runs\SAC_enc256_3\chkpts\2026-04-25-17_27_53.pt",6,0,0,-3.0
187000,9.13399997165428,1258,1.8905748128890991,-10.536829948425293,0.08082889765501022,10.371874809265137,11.920864975375022,"runs\SAC_enc256_3\chkpts\2026-04-25-17_29_09.pt",6,0,0,-3.0
188000,7.379999980162831,1267,1.8799909353256226,-10.890641212463379,0.08002355694770813,10.726085662841797,11.919399464446103,"runs\SAC_enc256_3\chkpts\2026-04-25-17_30_35.pt",9,0,0,-3.0
189000,7.6894999771565224,1274,1.819605827331543,-10.449430465698242,0.07922623306512833,10.288963317871094,11.918146747979954,"runs\SAC_enc256_3\chkpts\2026-04-25-17_32_00.pt",7,0,0,-3.0
190000,7.862395142428582,1280,1.8509751558303833,-11.589401245117188,0.07843685150146484,11.429441452026367,11.918933361945713,"runs\SAC_enc256_3\chkpts\2026-04-25-17_33_23.pt",6,1,0,-3.0
191000,8.940895137265342,1287,1.3747572898864746,-9.573714256286621,0.07765533775091171,9.414787292480469,11.917005367382615,"runs\SAC_enc256_3\chkpts\2026-04-25-17_34_50.pt",7,0,0,-3.0
192000,8.104395141191791,1295,2.752166748046875,-10.283275604248047,0.07688160985708237,10.127668380737305,11.913521115529676,"runs\SAC_enc256_3\chkpts\2026-04-25-17_36_18.pt",8,0,0,-3.0
193000,9.85099996740001,1300,1.9344016313552856,-10.375692367553711,0.07611558586359024,10.22021484375,11.915597168940813,"runs\SAC_enc256_3\chkpts\2026-04-25-17_37_39.pt",5,0,0,-3.0
194000,10.100999965481483,1307,1.6251716613769531,-10.238182067871094,0.07535720616579056,10.085428237915039,11.914030394281179,"runs\SAC_enc256_3\chkpts\2026-04-25-17_39_05.pt",7,0,0,-3.0
195000,9.947999965734802,1315,2.3813016414642334,-10.036598205566406,0.07460637390613556,9.883418083190918,11.910761122871751,"runs\SAC_enc256_3\chkpts\2026-04-25-17_40_34.pt",8,0,0,-3.0
196000,7.607999976575381,1324,1.7371304035186768,-10.052767753601074,0.07386302202939987,9.901315689086914,11.905588734242713,"runs\SAC_enc256_3\chkpts\2026-04-25-17_42_05.pt",9,0,0,-3.0
197000,6.90749998178333,1330,1.8825109004974365,-9.446745872497559,0.07312708348035812,9.297218322753906,11.905647021532799,"runs\SAC_enc256_3\chkpts\2026-04-25-17_43_29.pt",6,0,0,-3.0
198000,7.9299999756552335,1339,1.5457136631011963,-9.291893005371094,0.07239847630262375,9.144152641296387,11.900956210057839,"runs\SAC_enc256_3\chkpts\2026-04-25-17_44_59.pt",9,0,0,-3.0
199000,8.775499971210968,1345,1.3165555000305176,-9.689920425415039,0.07167712599039078,9.542730331420898,11.901221026488223,"runs\SAC_enc256_3\chkpts\2026-04-25-17_46_23.pt",6,0,0,-3.0
200000,8.12949997341261,1351,1.4860739707946777,-9.06617259979248,0.07096296548843384,8.919328689575195,11.901501980465097,"runs\SAC_enc256_3\chkpts\2026-04-25-17_47_47.pt",6,0,0,-3.0
201000,10.233999963067493,1358,1.4725061655044556,-9.176948547363281,0.07025591284036636,9.032876014709473,11.90016512718361,"runs\SAC_enc256_3\chkpts\2026-04-25-17_49_13.pt",7,0,0,-3.0
202000,8.396999972984204,1366,2.879239082336426,-9.204360008239746,0.06955591589212418,9.062850952148438,11.897152119933615,"runs\SAC_enc256_3\chkpts\2026-04-25-17_50_41.pt",8,0,0,-3.0
203000,8.509499972742061,1373,1.388948917388916,-9.272993087768555,0.06886287778615952,9.134039878845215,11.895705043578422,"runs\SAC_enc256_3\chkpts\2026-04-25-17_52_07.pt",7,0,0,-3.0
204000,8.660999973882001,1379,1.7047163248062134,-9.78628158569336,0.0681767612695694,9.647226333618164,11.895721776529532,"runs\SAC_enc256_3\chkpts\2026-04-25-17_53_31.pt",6,0,0,-3.0
205000,9.32049997121097,1386,0.7478182315826416,-9.074583053588867,0.06749747693538666,8.93787956237793,11.894303190601885,"runs\SAC_enc256_3\chkpts\2026-04-25-17_54_57.pt",7,0,0,-3.0
206000,8.214499975871302,1394,1.9095268249511719,-9.177847862243652,0.06682495027780533,9.040180206298828,11.891283770961905,"runs\SAC_enc256_3\chkpts\2026-04-25-17_56_26.pt",8,0,0,-3.0
207000,7.7119999780133455,1402,0.8762933015823364,-9.04444408416748,0.06615913659334183,8.907033920288086,11.88837286374405,"runs\SAC_enc256_3\chkpts\2026-04-25-17_57_54.pt",8,0,0,-3.0
208000,8.163499974254531,1406,1.2742843627929688,-8.91430950164795,0.06549994647502899,8.781140327453613,11.891795092009193,"runs\SAC_enc256_3\chkpts\2026-04-25-17_59_13.pt",4,0,0,-3.0
209000,9.431499967575101,1413,1.414748191833496,-9.272449493408203,0.06484733521938324,9.138822555541992,11.890458376209887,"runs\SAC_enc256_3\chkpts\2026-04-25-18_00_39.pt",7,0,0,-3.0
210000,9.912999964132931,1420,1.0419833660125732,-8.930727005004883,0.064201220870018,8.797484397888184,11.889732481581387,"runs\SAC_enc256_3\chkpts\2026-04-25-18_02_04.pt",7,0,0,-3.0
211000,10.217499963827457,1426,1.1161682605743408,-8.520881652832031,0.06356154382228851,8.392562866210938,11.890640961012561,"runs\SAC_enc256_3\chkpts\2026-04-25-18_03_27.pt",6,0,0,-3.0
212000,9.766789764836451,1432,1.0556933879852295,-8.803176879882812,0.06292824447154999,8.674674987792969,11.891795758461269,"runs\SAC_enc256_3\chkpts\2026-04-25-18_04_50.pt",6,1,0,-3.0
213000,10.547789761964264,1439,2.3064284324645996,-8.689861297607422,0.06230125203728676,8.56283950805664,11.89079792696561,"runs\SAC_enc256_3\chkpts\2026-04-25-18_06_15.pt",7,0,0,-3.0
214000,9.896789766047176,1445,1.365437388420105,-8.224945068359375,0.06168050318956375,8.098395347595215,11.890960289190692,"runs\SAC_enc256_3\chkpts\2026-04-25-18_07_39.pt",6,0,0,-3.0
215000,8.486999974176296,1454,1.333738088607788,-8.177507400512695,0.06106594577431679,8.053743362426758,11.886875526416997,"runs\SAC_enc256_3\chkpts\2026-04-25-18_09_09.pt",9,0,0,-3.0
216000,7.152999980710443,1462,1.764112949371338,-8.94544506072998,0.0604575090110302,8.82320785522461,11.884178151135284,"runs\SAC_enc256_3\chkpts\2026-04-25-18_10_38.pt",8,0,0,-3.0
217000,6.931499981246885,1470,2.217165470123291,-7.819243431091309,0.059855133295059204,7.695477485656738,11.881389159541076,"runs\SAC_enc256_3\chkpts\2026-04-25-18_12_06.pt",8,0,0,-3.0
218000,7.160999981090423,1479,2.243819236755371,-7.277010440826416,0.05925875902175903,7.1566314697265625,11.877244366746236,"runs\SAC_enc256_3\chkpts\2026-04-25-18_13_37.pt",9,0,0,-3.0
219000,8.477431092988708,1483,1.1016645431518555,-8.137304306030273,0.05866832658648491,8.019375801086426,11.880455970454824,"runs\SAC_enc256_3\chkpts\2026-04-25-18_14_56.pt",4,1,0,-3.0
220000,9.361193240340818,1489,0.9044386148452759,-8.105001449584961,0.058083780109882355,7.985959053039551,11.881407113399407,"runs\SAC_enc256_3\chkpts\2026-04-25-18_16_18.pt",6,1,0,-3.0
221000,9.542193236984335,1498,0.8861101865768433,-8.177703857421875,0.057505056262016296,8.06057357788086,11.877478759525067,"runs\SAC_enc256_3\chkpts\2026-04-25-18_17_49.pt",9,0,0,-3.0
222000,7.614762129876776,1505,0.6659758687019348,-8.21426773071289,0.05693209916353226,8.098294258117676,11.877213825568536,"runs\SAC_enc256_3\chkpts\2026-04-25-18_19_13.pt",7,0,2,-3.0
223000,8.287999973241257,1512,0.976959764957428,-8.03428840637207,0.05636484920978546,7.920196533203125,11.875976664383236,"runs\SAC_enc256_3\chkpts\2026-04-25-18_20_40.pt",7,0,0,-3.0
224000,8.903999971766044,1518,1.2755067348480225,-8.096641540527344,0.05580325052142143,7.9826507568359375,11.877172903654353,"runs\SAC_enc256_3\chkpts\2026-04-25-18_22_02.pt",6,0,0,-3.0
225000,10.643499961365047,1521,0.8144018650054932,-8.216925621032715,0.05524724721908569,8.104758262634277,11.88283251372455,"runs\SAC_enc256_3\chkpts\2026-04-25-18_23_17.pt",3,0,0,-3.0
226000,10.96399995841089,1530,1.933007001876831,-7.487492084503174,0.054696790874004364,7.374971866607666,11.879668359451632,"runs\SAC_enc256_3\chkpts\2026-04-25-18_24_46.pt",9,0,0,-3.0
227000,9.475499966312219,1537,1.250929832458496,-7.536382675170898,0.054151810705661774,7.424073219299316,11.87942364398363,"runs\SAC_enc256_3\chkpts\2026-04-25-18_26_11.pt",7,0,0,-3.0
228000,8.573499971274297,1543,1.0206587314605713,-7.972286224365234,0.05361226201057434,7.86232328414917,11.880572250003741,"runs\SAC_enc256_3\chkpts\2026-04-25-18_27_33.pt",6,0,0,-3.0
229000,9.083336701430392,1551,0.8352305889129639,-7.144936561584473,0.05307809263467789,7.03646993637085,11.879115844778063,"runs\SAC_enc256_3\chkpts\2026-04-25-18_29_00.pt",8,1,0,-3.0
230000,9.661117813661708,1557,0.6982005834579468,-7.697907447814941,0.05254923924803734,7.590353012084961,11.88069488046103,"runs\SAC_enc256_3\chkpts\2026-04-25-18_30_21.pt",6,1,0,-3.0
231000,8.243281086124483,1565,1.0431798696517944,-7.709210395812988,0.05202566087245941,7.602362632751465,11.879049244338196,"runs\SAC_enc256_3\chkpts\2026-04-25-18_31_48.pt",8,0,0,-3.0
232000,9.713281080015015,1568,0.6967746615409851,-7.7518157958984375,0.05150729417800903,7.646029472351074,11.884637955875517,"runs\SAC_enc256_3\chkpts\2026-04-25-18_33_03.pt",3,0,0,-3.0
233000,11.135281072407986,1573,0.6388058662414551,-6.65316104888916,0.05099409818649292,6.549827575683594,11.88716965584827,"runs\SAC_enc256_3\chkpts\2026-04-25-18_34_23.pt",5,0,0,-3.0
234000,11.98199995519597,1578,0.6915413737297058,-7.504329204559326,0.050486013293266296,7.401360034942627,11.889780885069191,"runs\SAC_enc256_3\chkpts\2026-04-25-18_35_43.pt",5,0,0,-3.0
235000,13.126499950625043,1584,0.7586833238601685,-7.3593058586120605,0.05000000074505806,7.255459308624268,11.890864965438068,"runs\SAC_enc256_3\chkpts\2026-04-25-18_37_05.pt",6,0,0,-3.0
236000,13.698999950271125,1586,0.8459672927856445,-6.957023620605469,0.05000000074505806,6.854175567626953,11.8975398536284,"runs\SAC_enc256_3\chkpts\2026-04-25-18_38_18.pt",2,0,0,-3.0
237000,13.987349836304807,1591,2.0086522102355957,-6.800748825073242,0.05000000074505806,6.698781490325928,11.900442673448492,"runs\SAC_enc256_3\chkpts\2026-04-25-18_39_37.pt",5,1,0,-3.0
238000,12.169849844239657,1598,1.2998650074005127,-6.851496696472168,0.05000000074505806,6.749151706695557,11.900150465134278,"runs\SAC_enc256_3\chkpts\2026-04-25-18_41_02.pt",7,0,0,-3.0
239000,9.173499965071693,1607,0.6968600749969482,-6.995441436767578,0.05000000074505806,6.8924407958984375,11.897144593385958,"runs\SAC_enc256_3\chkpts\2026-04-25-18_42_31.pt",9,0,0,-3.0
240000,8.17599996987731,1614,1.116145133972168,-7.218634605407715,0.05000000074505806,7.116117000579834,11.896744257710589,"runs\SAC_enc256_3\chkpts\2026-04-25-18_43_56.pt",7,0,0,-3.0
241000,8.90299996811898,1620,0.7101994752883911,-6.982644081115723,0.05000000074505806,6.879428863525391,11.897591082114142,"runs\SAC_enc256_3\chkpts\2026-04-25-18_45_18.pt",6,0,0,-3.0
242000,8.372999971657999,1629,0.6982168555259705,-7.290502548217773,0.05000000074505806,7.188192367553711,11.89438750128958,"runs\SAC_enc256_3\chkpts\2026-04-25-18_46_48.pt",9,0,0,-3.0
243000,8.02699997656048,1635,0.7137241959571838,-7.420382499694824,0.05000000074505806,7.319005966186523,11.895114091234488,"runs\SAC_enc256_3\chkpts\2026-04-25-18_48_11.pt",6,0,0,-3.0
244000,8.00999997753651,1642,0.6789243221282959,-7.016355514526367,0.05000000074505806,6.915021896362305,11.894336881627884,"runs\SAC_enc256_3\chkpts\2026-04-25-18_49_36.pt",7,0,0,-3.0
245000,9.22499997213485,1648,0.9904690980911255,-6.764583587646484,0.05000000074505806,6.661210060119629,11.89436990385799,"runs\SAC_enc256_3\chkpts\2026-04-25-18_51_00.pt",6,0,0,-3.0
246000,9.651999968867772,1654,0.6928290724754333,-7.009457111358643,0.05000000074505806,6.908118724822998,11.893743134384374,"runs\SAC_enc256_3\chkpts\2026-04-25-18_52_25.pt",6,0,0,-3.0
247000,10.231999966260052,1658,0.7017186880111694,-6.878395080566406,0.05000000074505806,6.776741981506348,11.896704950300894,"runs\SAC_enc256_3\chkpts\2026-04-25-18_53_44.pt",4,0,0,-3.0
248000,11.664999958425778,1663,0.5171287059783936,-7.467671871185303,0.05000000074505806,7.364369869232178,11.898146177484534,"runs\SAC_enc256_3\chkpts\2026-04-25-18_55_06.pt",5,0,0,-3.0
249000,11.827999958861637,1669,0.8833204507827759,-6.984436988830566,0.05000000074505806,6.881773948669434,11.898250438316511,"runs\SAC_enc256_3\chkpts\2026-04-25-18_56_30.pt",6,0,0,-3.0
250000,11.316999959982944,1677,0.7064602375030518,-6.870111465454102,0.05000000074505806,6.767160415649414,11.895804240477851,"runs\SAC_enc256_3\chkpts\2026-04-25-18_57_58.pt",8,0,0,-3.0
251000,8.88199997248129,1684,0.599445104598999,-6.963794708251953,0.05000000074505806,6.8617401123046875,11.894655580956695,"runs\SAC_enc256_3\chkpts\2026-04-25-18_59_24.pt",7,0,0,-3.0
252000,8.970499970931574,1689,0.5967625379562378,-7.62419319152832,0.05000000074505806,7.522921562194824,11.896400943477714,"runs\SAC_enc256_3\chkpts\2026-04-25-19_00_45.pt",5,0,0,-3.0
253000,9.295499969720858,1696,0.7404810190200806,-7.250284194946289,0.05000000074505806,7.149310111999512,11.8955478451045,"runs\SAC_enc256_3\chkpts\2026-04-25-19_02_11.pt",7,0,0,-3.0
254000,10.057499965447954,1702,0.673911988735199,-6.996267318725586,0.05000000074505806,6.894528388977051,11.895753378366697,"runs\SAC_enc256_3\chkpts\2026-04-25-19_03_34.pt",6,0,0,-3.0
255000,10.15299996392804,1707,1.4058656692504883,-7.313189506530762,0.05000000074505806,7.211187362670898,11.897232603842477,"runs\SAC_enc256_3\chkpts\2026-04-25-19_04_56.pt",5,0,0,-3.0
256000,12.03649995338176,1711,0.8108293414115906,-6.613129138946533,0.05000000074505806,6.509764671325684,11.899988362403242,"runs\SAC_enc256_3\chkpts\2026-04-25-19_06_15.pt",4,0,0,-3.0
257000,13.585499948039708,1714,0.8329503536224365,-7.170999526977539,0.05000000074505806,7.068753242492676,11.904034623776518,"runs\SAC_enc256_3\chkpts\2026-04-25-19_07_31.pt",3,0,0,-3.0
258000,15.138999940622671,1718,1.360384464263916,-7.58336877822876,0.05000000074505806,7.480871677398682,11.906865627255408,"runs\SAC_enc256_3\chkpts\2026-04-25-19_08_50.pt",4,0,0,-3.0
259000,16.53649993201726,1722,0.6651612520217896,-6.904985427856445,0.05000000074505806,6.801682472229004,11.909598654988844,"runs\SAC_enc256_3\chkpts\2026-04-25-19_10_09.pt",4,0,0,-3.0
260000,16.450499934163023,1727,0.7731418609619141,-6.9408183097839355,0.05000000074505806,6.838421821594238,11.911065394160419,"runs\SAC_enc256_3\chkpts\2026-04-25-19_11_31.pt",5,0,0,-3.0
261000,15.524999939948382,1732,0.792230486869812,-7.141558647155762,0.05000000074505806,7.040328025817871,11.911967112259047,"runs\SAC_enc256_3\chkpts\2026-04-25-19_12_53.pt",5,0,0,-3.0
262000,10.412999964356436,1741,1.0476521253585815,-7.177769184112549,0.05000000074505806,7.075123310089111,11.908346257388068,"runs\SAC_enc256_3\chkpts\2026-04-25-19_14_24.pt",9,0,0,-3.0
263000,9.47349996922539,1746,0.615326464176178,-7.155176639556885,0.05000000074505806,7.053220748901367,11.909636886499085,"runs\SAC_enc256_3\chkpts\2026-04-25-19_15_45.pt",5,0,0,-3.0
264000,8.460499974191192,1753,0.5344076156616211,-6.9927568435668945,0.05000000074505806,6.891439437866211,11.908566386890275,"runs\SAC_enc256_3\chkpts\2026-04-25-19_17_11.pt",7,0,0,-3.0
265000,9.392999968491505,1760,0.5748645067214966,-6.8291826248168945,0.05000000074505806,6.727378845214844,11.907514083734547,"runs\SAC_enc256_3\chkpts\2026-04-25-19_18_37.pt",7,0,0,-3.0
266000,9.341999966632587,1766,0.6537843942642212,-7.373606204986572,0.05000000074505806,7.270923614501953,11.907745317827404,"runs\SAC_enc256_3\chkpts\2026-04-25-19_20_01.pt",6,0,0,-3.0
267000,10.169048745520431,1773,0.8687975406646729,-7.265575885772705,0.05000000074505806,7.163683891296387,11.907160590705702,"runs\SAC_enc256_3\chkpts\2026-04-25-19_21_26.pt",7,1,0,-3.0
268000,9.93504874696957,1778,1.6053836345672607,-6.93874454498291,0.05000000074505806,6.835251808166504,11.908655938754755,"runs\SAC_enc256_3\chkpts\2026-04-25-19_22_47.pt",5,0,0,-3.0
269000,9.209548752326533,1787,0.7387183904647827,-7.0588908195495605,0.05000000074505806,6.9570088386535645,11.905261107245813,"runs\SAC_enc256_3\chkpts\2026-04-25-19_24_17.pt",9,0,0,-3.0
270000,8.934999970123187,1794,0.6143350601196289,-6.746484279632568,0.05000000074505806,6.644380569458008,11.904094370923916,"runs\SAC_enc256_3\chkpts\2026-04-25-19_25_43.pt",7,0,0,-3.0
271000,8.01749997261912,1802,0.7450472116470337,-6.857521057128906,0.05000000074505806,6.755184173583984,11.90187375247358,"runs\SAC_enc256_3\chkpts\2026-04-25-19_27_12.pt",8,0,0,-3.0
272000,9.2059999651462,1808,0.8269628286361694,-6.673346519470215,0.05000000074505806,6.571032524108887,11.902197281456539,"runs\SAC_enc256_3\chkpts\2026-04-25-19_28_35.pt",6,0,0,-3.0
273000,9.237999965753422,1815,0.7281158566474915,-6.971650123596191,0.05000000074505806,6.869170188903809,11.901240602395497,"runs\SAC_enc256_3\chkpts\2026-04-25-19_30_01.pt",7,0,0,-3.0
274000,9.402999964952484,1822,0.6546847820281982,-6.472873687744141,0.05000000074505806,6.370973587036133,11.900147134938685,"runs\SAC_enc256_3\chkpts\2026-04-25-19_31_27.pt",7,0,0,-3.0
275000,9.876999964565062,1827,0.570584774017334,-7.184149742126465,0.05000000074505806,7.082784652709961,11.90154775832285,"runs\SAC_enc256_3\chkpts\2026-04-25-19_32_48.pt",5,0,0,-3.0
276000,9.162999970056132,1834,0.6680805683135986,-7.320524215698242,0.05000000074505806,7.218751907348633,11.900586725017925,"runs\SAC_enc256_3\chkpts\2026-04-25-19_34_14.pt",7,0,0,-3.0
277000,8.381999972779315,1844,0.676854133605957,-7.1804280281066895,0.05000000074505806,7.077265739440918,11.896082520951689,"runs\SAC_enc256_3\chkpts\2026-04-25-19_35_47.pt",10,0,0,-3.0
278000,8.622999972160917,1848,0.6251685619354248,-6.69777250289917,0.05000000074505806,6.595120429992676,11.89901603227244,"runs\SAC_enc256_3\chkpts\2026-04-25-19_37_05.pt",4,0,0,-3.0
279000,8.646499971821918,1855,0.6061703562736511,-7.03925895690918,0.05000000074505806,6.936495780944824,11.89909720470454,"runs\SAC_enc256_3\chkpts\2026-04-25-19_38_29.pt",7,0,1,-3.0
280000,9.872999966256344,1861,0.8157066106796265,-7.348999500274658,0.05000000074505806,7.246840000152588,11.899889712508656,"runs\SAC_enc256_3\chkpts\2026-04-25-19_39_52.pt",6,0,0,-3.0
281000,9.611999969780465,1867,0.4826033413410187,-6.904157638549805,0.05000000074505806,6.801975250244141,11.900779382744778,"runs\SAC_enc256_3\chkpts\2026-04-25-19_41_14.pt",6,0,0,-3.0
282000,9.181999971829372,1874,0.7055157423019409,-7.1514363288879395,0.05000000074505806,7.048756122589111,11.900566755703144,"runs\SAC_enc256_3\chkpts\2026-04-25-19_42_39.pt",7,0,0,-3.0
283000,8.800499972160917,1881,0.7212666273117065,-7.007936477661133,0.05000000074505806,6.905205726623535,11.90034819145532,"runs\SAC_enc256_3\chkpts\2026-04-25-19_44_03.pt",7,0,0,-3.0
284000,8.363999971766033,1888,0.5779993534088135,-7.3200788497924805,0.05000000074505806,7.217987537384033,11.900007483665243,"runs\SAC_enc256_3\chkpts\2026-04-25-19_45_28.pt",7,0,0,-3.0
285000,9.053999970499437,1894,0.8889001607894897,-7.198356628417969,0.05000000074505806,7.095622539520264,11.90091943801172,"runs\SAC_enc256_3\chkpts\2026-04-25-19_46_50.pt",6,0,0,-3.0
286000,9.696999968681492,1899,0.5291969180107117,-6.663408279418945,0.05000000074505806,6.5619425773620605,11.902867583718075,"runs\SAC_enc256_3\chkpts\2026-04-25-19_48_10.pt",5,0,0,-3.0
287000,10.466999966707094,1903,0.7089730501174927,-6.482398986816406,0.05000000074505806,6.380354881286621,11.905953649427653,"runs\SAC_enc256_3\chkpts\2026-04-25-19_49_28.pt",4,0,0,-3.0
288000,11.51999996148052,1910,1.0560190677642822,-7.2561187744140625,0.05000000074505806,7.153102874755859,11.905667097108974,"runs\SAC_enc256_3\chkpts\2026-04-25-19_50_52.pt",7,0,0,-3.0
289000,11.967999957110765,1916,0.8009718656539917,-7.0745439529418945,0.05000000074505806,6.972372531890869,11.906469826638878,"runs\SAC_enc256_3\chkpts\2026-04-25-19_52_15.pt",6,0,0,-3.0
290000,10.922999960966441,1922,1.0123306512832642,-7.219646453857422,0.05000000074505806,7.116267681121826,11.907267915215778,"runs\SAC_enc256_3\chkpts\2026-04-25-19_53_37.pt",6,0,0,-3.0
291000,9.337999967336675,1929,0.8753787279129028,-7.10775089263916,0.05000000074505806,7.0053253173828125,11.906719330722717,"runs\SAC_enc256_3\chkpts\2026-04-25-19_55_02.pt",7,0,0,-3.0
292000,6.850999981034546,1939,0.4891045391559601,-7.068633079528809,0.05000000074505806,6.9666595458984375,11.902675320639677,"runs\SAC_enc256_3\chkpts\2026-04-25-19_56_34.pt",10,0,0,-3.0
293000,6.549499983284622,1945,0.6398262977600098,-7.263082504272461,0.05000000074505806,7.160486221313477,11.902899801979087,"runs\SAC_enc256_3\chkpts\2026-04-25-19_57_58.pt",6,0,0,-3.0
294000,8.421499974988413,1951,0.6905950307846069,-7.082633018493652,0.05000000074505806,6.981653690338135,11.903251132970794,"runs\SAC_enc256_3\chkpts\2026-04-25-19_59_21.pt",6,0,0,-3.0
295000,9.233999967854489,1958,1.1587421894073486,-7.0757293701171875,0.05000000074505806,6.972330093383789,11.902381185589668,"runs\SAC_enc256_3\chkpts\2026-04-25-20_00_47.pt",7,0,0,-3.0
296000,8.656499969493611,1967,1.343001127243042,-6.784358978271484,0.05000000074505806,6.682385444641113,11.899020663092854,"runs\SAC_enc256_3\chkpts\2026-04-25-20_02_18.pt",9,0,0,-3.0
297000,9.460762040354332,1971,0.8610285520553589,-7.207817077636719,0.05000000074505806,7.106490135192871,11.901833475018453,"runs\SAC_enc256_3\chkpts\2026-04-25-20_03_36.pt",4,1,0,-3.0
298000,8.527762047853338,1979,0.7476257085800171,-7.389411926269531,0.05000000074505806,7.2859649658203125,11.899844297469485,"runs\SAC_enc256_3\chkpts\2026-04-25-20_05_05.pt",8,0,0,-3.0
299000,8.6127620495856,1987,0.5958170294761658,-7.228142738342285,0.05000000074505806,7.125261306762695,11.897863494362445,"runs\SAC_enc256_3\chkpts\2026-04-25-20_06_33.pt",8,0,0,-3.0
300000,7.667499979417778,1993,0.5831106305122375,-6.782465934753418,0.05000000074505806,6.679895401000977,11.89790687167336,"runs\SAC_enc256_3\chkpts\2026-04-25-20_07_57.pt",6,0,0,-3.0
301000,8.520999974235908,1999,0.9748052954673767,-6.694039344787598,0.05000000074505806,6.591037750244141,11.897991130046739,"runs\SAC_enc256_3\chkpts\2026-04-25-20_09_21.pt",6,0,0,-3.0
302000,10.431999963596486,2005,0.5638210773468018,-6.4918389320373535,0.05000000074505806,6.389481067657471,11.89825439335215,"runs\SAC_enc256_3\chkpts\2026-04-25-20_10_44.pt",6,0,0,-3.0
303000,9.666999964974838,2012,0.7567240595817566,-6.932862281799316,0.05000000074505806,6.830714702606201,11.897323530871791,"runs\SAC_enc256_3\chkpts\2026-04-25-20_12_10.pt",7,0,0,-3.0
304000,9.987999963909411,2019,0.7069525122642517,-6.978066444396973,0.05000000074505806,6.874532699584961,11.896499421734951,"runs\SAC_enc256_3\chkpts\2026-04-25-20_13_36.pt",7,0,0,-3.0
305000,10.66649995991963,2023,0.9295580983161926,-6.702175140380859,0.05000000074505806,6.6000189781188965,11.898353415480734,"runs\SAC_enc256_3\chkpts\2026-04-25-20_14_56.pt",4,0,0,-3.0
306000,10.322999963909414,2028,1.169917345046997,-6.996180534362793,0.05000000074505806,6.8943281173706055,11.899636802160508,"runs\SAC_enc256_3\chkpts\2026-04-25-20_16_17.pt",5,0,0,-3.0
307000,12.545499952305155,2034,0.8647915124893188,-7.115289211273193,0.05000000074505806,7.012210369110107,11.899796376353356,"runs\SAC_enc256_3\chkpts\2026-04-25-20_17_41.pt",6,0,0,-3.0
308000,13.04399995177989,2038,1.023097038269043,-7.467348098754883,0.05000000074505806,7.364091873168945,11.901967470952556,"runs\SAC_enc256_3\chkpts\2026-04-25-20_19_00.pt",4,0,0,-3.0
309000,11.943499957006463,2042,0.5547489523887634,-6.996691703796387,0.05000000074505806,6.895233154296875,11.904327737682864,"runs\SAC_enc256_3\chkpts\2026-04-25-20_20_19.pt",4,0,0,-3.0
310000,12.358499954268375,2050,0.614845871925354,-6.618611812591553,0.05000000074505806,6.516838550567627,11.902377000800406,"runs\SAC_enc256_3\chkpts\2026-04-25-20_21_47.pt",8,0,0,-3.0
311000,12.037999957278405,2053,0.6758501529693604,-7.011220932006836,0.05000000074505806,6.907280445098877,11.905716140998383,"runs\SAC_enc256_3\chkpts\2026-04-25-20_23_04.pt",3,0,0,-3.0
312000,12.057499955855343,2058,0.593754768371582,-7.1693806648254395,0.05000000074505806,7.067322731018066,11.906867127513776,"runs\SAC_enc256_3\chkpts\2026-04-25-20_24_26.pt",5,0,0,-3.0
313000,11.382356213759659,2066,0.6868171691894531,-6.8952317237854,0.05000000074505806,6.792154312133789,11.90522661560201,"runs\SAC_enc256_3\chkpts\2026-04-25-20_25_53.pt",8,1,0,-3.0
314000,9.065138871483516,2074,0.505095362663269,-7.0059003829956055,0.05000000074505806,6.903539180755615,11.903454526286145,"runs\SAC_enc256_3\chkpts\2026-04-25-20_27_21.pt",8,1,0,-3.0
315000,8.44042319074274,2081,0.7315070629119873,-7.342781066894531,0.05000000074505806,7.2414445877075195,11.902932956506238,"runs\SAC_enc256_3\chkpts\2026-04-25-20_28_46.pt",7,1,0,-3.0
316000,8.274784292131674,2088,0.7608668208122253,-7.205235481262207,0.05000000074505806,7.102204322814941,11.902051223673615,"runs\SAC_enc256_3\chkpts\2026-04-25-20_30_12.pt",7,0,0,-3.0
317000,10.052284282222399,2092,0.5111957788467407,-6.957736015319824,0.05000000074505806,6.854598045349121,11.90427011992612,"runs\SAC_enc256_3\chkpts\2026-04-25-20_31_31.pt",4,0,0,-3.0
318000,9.505999968405812,2099,0.5799305438995361,-6.686263561248779,0.05000000074505806,6.585233688354492,11.90325892855833,"runs\SAC_enc256_3\chkpts\2026-04-25-20_32_58.pt",7,0,0,-3.0
319000,11.57649995682763,2103,0.6702693104743958,-7.040778160095215,0.05000000074505806,6.938260555267334,11.905569900305988,"runs\SAC_enc256_3\chkpts\2026-04-25-20_34_16.pt",4,0,0,-3.0
320000,10.018080044128018,2110,0.7803021669387817,-6.641510963439941,0.05000000074505806,6.539093494415283,11.905285481121346,"runs\SAC_enc256_3\chkpts\2026-04-25-20_35_41.pt",7,2,0,-3.0
321000,11.68862495899204,2115,0.9214134216308594,-6.872917175292969,0.05000000074505806,6.770830154418945,11.906886332272677,"runs\SAC_enc256_3\chkpts\2026-04-25-20_37_01.pt",5,1,0,-3.0
322000,9.532624972611687,2123,0.9601256251335144,-7.112652778625488,0.05000000074505806,7.011102676391602,11.905031886320568,"runs\SAC_enc256_3\chkpts\2026-04-25-20_38_30.pt",8,0,0,-3.0
323000,10.207296590376675,2128,0.7956437468528748,-7.4560980796813965,0.05000000074505806,7.354681968688965,11.906119737706948,"runs\SAC_enc256_3\chkpts\2026-04-25-20_39_51.pt",5,0,0,-3.0
324000,9.578999969698511,2134,0.9308133125305176,-6.977800369262695,0.05000000074505806,6.874168395996094,11.906080521674557,"runs\SAC_enc256_3\chkpts\2026-04-25-20_41_15.pt",6,0,0,-3.0
325000,10.45149996478113,2141,0.6258688569068909,-7.095176696777344,0.05000000074505806,6.9918012619018555,11.905160266235802,"runs\SAC_enc256_3\chkpts\2026-04-25-20_42_41.pt",7,0,0,-3.0
326000,8.438237815164037,2150,0.5048158168792725,-6.957688331604004,0.05000000074505806,6.85579776763916,11.902619150791498,"runs\SAC_enc256_3\chkpts\2026-04-25-20_44_11.pt",9,1,0,-3.0
327000,8.178737814221533,2156,0.8144803047180176,-7.143944263458252,0.05000000074505806,7.04145622253418,11.902776901351793,"runs\SAC_enc256_3\chkpts\2026-04-25-20_45_35.pt",6,0,0,-3.0
328000,8.739737811796378,2162,0.6378270983695984,-7.313300132751465,0.05000000074505806,7.211745738983154,11.902947171215615,"runs\SAC_enc256_3\chkpts\2026-04-25-20_46_58.pt",6,0,0,-3.0
329000,8.576999971847993,2172,1.6986122131347656,-7.06687068939209,0.05000000074505806,6.964269161224365,11.89906943612879,"runs\SAC_enc256_3\chkpts\2026-04-25-20_48_31.pt",10,0,0,-3.0
330000,7.565999976098546,2178,0.6875948905944824,-6.743099212646484,0.05000000074505806,6.642101287841797,11.899039233278067,"runs\SAC_enc256_3\chkpts\2026-04-25-20_49_55.pt",6,0,0,-3.0
331000,8.071999973896903,2184,1.1250030994415283,-6.820303440093994,0.05000000074505806,6.718991756439209,11.899182592938768,"runs\SAC_enc256_3\chkpts\2026-04-25-20_51_19.pt",6,0,0,-3.0
332000,9.43499996608125,2191,0.7485636472702026,-6.916414737701416,0.05000000074505806,6.8149213790893555,11.898889495188902,"runs\SAC_enc256_3\chkpts\2026-04-25-20_52_44.pt",7,0,0,-3.0
333000,10.58149996064606,2196,0.8034293055534363,-7.10853385925293,0.05000000074505806,7.0068583488464355,11.900627394218992,"runs\SAC_enc256_3\chkpts\2026-04-25-20_54_04.pt",5,0,0,-3.0
334000,10.461999960839773,2202,0.5028746128082275,-7.373818397521973,0.05000000074505806,7.2724456787109375,11.90119885640721,"runs\SAC_enc256_3\chkpts\2026-04-25-20_55_27.pt",6,0,0,-3.0
335000,11.463499957788772,2206,0.5959813594818115,-6.864965438842773,0.05000000074505806,6.7638092041015625,11.903742223448672,"runs\SAC_enc256_3\chkpts\2026-04-25-20_56_45.pt",4,0,0,-3.0
336000,12.719499952159868,2210,0.532001793384552,-6.981146812438965,0.05000000074505806,6.878589630126953,11.906337456298923,"runs\SAC_enc256_3\chkpts\2026-04-25-20_58_02.pt",4,0,0,-3.0
337000,11.974499957561537,2217,0.5716837644577026,-6.545478343963623,0.05000000074505806,6.444108009338379,11.906140093083472,"runs\SAC_enc256_3\chkpts\2026-04-25-20_59_27.pt",7,0,0,-3.0
338000,13.801999946814092,2221,0.6309345960617065,-7.119565963745117,0.05000000074505806,7.017340660095215,11.908770392675178,"runs\SAC_enc256_3\chkpts\2026-04-25-21_00_45.pt",4,0,0,-3.0
339000,10.701499958559904,2228,0.9917646646499634,-7.045015335083008,0.05000000074505806,6.942736625671387,11.90841052469198,"runs\SAC_enc256_3\chkpts\2026-04-25-21_02_09.pt",7,0,0,-3.0
340000,12.487499950770337,2231,0.7618358135223389,-6.956546783447266,0.05000000074505806,6.8544697761535645,11.911836059254668,"runs\SAC_enc256_3\chkpts\2026-04-25-21_03_25.pt",3,0,0,-3.0
341000,10.17599996445703,2239,1.0278254747390747,-6.944248199462891,0.05000000074505806,6.843136787414551,11.91038604008624,"runs\SAC_enc256_3\chkpts\2026-04-25-21_04_53.pt",8,0,0,-3.0
342000,11.72899995734919,2244,1.3441567420959473,-7.10872220993042,0.05000000074505806,7.004249572753906,11.911705447308112,"runs\SAC_enc256_3\chkpts\2026-04-25-21_06_13.pt",5,0,0,-3.0
343000,11.283499960936641,2249,0.6963657140731812,-7.4257354736328125,0.05000000074505806,7.324338436126709,11.912819235366134,"runs\SAC_enc256_3\chkpts\2026-04-25-21_07_35.pt",5,0,0,-3.0
344000,11.284999960418826,2254,0.6833704710006714,-7.025956153869629,0.05000000074505806,6.92395544052124,11.913441617213753,"runs\SAC_enc256_3\chkpts\2026-04-25-21_08_57.pt",5,0,0,-3.0
345000,9.979499966874743,2261,0.9413226842880249,-7.028127670288086,0.05000000074505806,6.925606727600098,11.912388108968903,"runs\SAC_enc256_3\chkpts\2026-04-25-21_10_24.pt",7,0,0,-3.0
346000,9.84531220307576,2269,0.6994970440864563,-6.4643635749816895,0.05000000074505806,6.362395286560059,11.910763398770154,"runs\SAC_enc256_3\chkpts\2026-04-25-21_11_52.pt",8,1,0,-3.0
347000,7.7968122134544,2277,0.7515913248062134,-7.100627899169922,0.05000000074505806,6.998604774475098,11.90896246890552,"runs\SAC_enc256_3\chkpts\2026-04-25-21_13_20.pt",8,0,0,-3.0
348000,8.47281221175567,2282,0.7498935461044312,-6.950641632080078,0.05000000074505806,6.8490800857543945,11.909465291065992,"runs\SAC_enc256_3\chkpts\2026-04-25-21_14_43.pt",5,0,0,-3.0
349000,10.355812202896946,2285,0.5376549959182739,-6.738472938537598,0.05000000074505806,6.6361589431762695,11.912221519398976,"runs\SAC_enc256_3\chkpts\2026-04-25-21_16_00.pt",3,0,0,-3.0
350000,12.094999956861157,2290,1.1392822265625,-6.93686056137085,0.05000000074505806,6.834657669067383,11.913085311696136,"runs\SAC_enc256_3\chkpts\2026-04-25-21_17_22.pt",5,0,0,-3.0
351000,13.552999950684642,2293,1.812295913696289,-6.8701276779174805,0.05000000074505806,6.767812728881836,11.915834912277184,"runs\SAC_enc256_3\chkpts\2026-04-25-21_18_39.pt",3,0,0,-3.0
352000,14.12849994618449,2300,0.5516639351844788,-6.780813217163086,0.05000000074505806,6.679357051849365,11.914981280361951,"runs\SAC_enc256_3\chkpts\2026-04-25-21_20_05.pt",7,0,0,-3.0
353000,11.501999956443935,2307,0.6395705938339233,-7.330427169799805,0.05000000074505806,7.228241920471191,11.914063121937321,"runs\SAC_enc256_3\chkpts\2026-04-25-21_21_31.pt",7,0,0,-3.0
354000,12.390254846531935,2310,0.7606844902038574,-6.810811996459961,0.05000000074505806,6.70899772644043,11.9168660999062,"runs\SAC_enc256_3\chkpts\2026-04-25-21_22_48.pt",3,1,0,-3.0
355000,11.1462548534945,2314,0.8057246208190918,-7.034371376037598,0.05000000074505806,6.932821273803711,11.918622517948192,"runs\SAC_enc256_3\chkpts\2026-04-25-21_24_07.pt",4,0,0,-3.0
356000,12.603754849005535,2319,0.881560206413269,-6.617170333862305,0.05000000074505806,6.514878273010254,11.919476131387219,"runs\SAC_enc256_3\chkpts\2026-04-25-21_25_29.pt",5,0,0,-3.0
357000,14.947996435985027,2324,0.9050581455230713,-6.776594638824463,0.05000000074505806,6.674134254455566,11.920676118982977,"runs\SAC_enc256_3\chkpts\2026-04-25-21_26_50.pt",5,1,0,-3.0
358000,14.05024154789751,2329,0.6110327839851379,-6.700355529785156,0.05000000074505806,6.598389625549316,11.921629437120929,"runs\SAC_enc256_3\chkpts\2026-04-25-21_28_12.pt",5,0,0,-3.0
