1000,0.22235293631606243,17,nan,nan,0.20000000298023224,nan,12.651119015339157,"runs\SAC_enc256\chkpts\2026-04-20-00_53_57.pt",17,0,13
2000,0.2849999936297536,29,nan,nan,0.20000000298023224,nan,13.306507763285648,"runs\SAC_enc256\chkpts\2026-04-20-00_55_08.pt",12,0,8
3000,0.0909999979659915,47,nan,nan,0.20000000298023224,nan,13.067491188375264,"runs\SAC_enc256\chkpts\2026-04-20-00_56_27.pt",18,0,16
4000,0.2079999953508377,62,nan,nan,0.20000000298023224,nan,13.121467494415148,"runs\SAC_enc256\chkpts\2026-04-20-00_57_43.pt",15,0,12
5000,0.2844999936409295,77,nan,nan,0.20000000298023224,nan,13.15406183857725,"runs\SAC_enc256\chkpts\2026-04-20-00_58_58.pt",15,0,13
6000,0.1854999958537519,93,nan,nan,0.20000000298023224,nan,13.131088068575243,"runs\SAC_enc256\chkpts\2026-04-20-01_00_15.pt",16,0,13
7000,0.2564999942667782,108,nan,nan,0.20000000298023224,nan,13.153054507450236,"runs\SAC_enc256\chkpts\2026-04-20-01_01_30.pt",15,0,12
8000,0.12949999710544943,127,nan,nan,0.20000000298023224,nan,13.050153573116013,"runs\SAC_enc256\chkpts\2026-04-20-01_02_51.pt",19,0,17
9000,0.09699999783188104,145,nan,nan,0.20000000298023224,nan,12.988015815607385,"runs\SAC_enc256\chkpts\2026-04-20-01_04_11.pt",18,0,15
10000,0.16699999626725912,161,0.22781410813331604,-0.627660870552063,0.1999799907207489,0.2570369243621826,12.990676131743827,"runs\SAC_enc256\chkpts\2026-04-20-01_05_28.pt",16,0,14
11000,1.0982551280409099,169,0.07549163699150085,-2.4937617778778076,0.18094122409820557,2.12376070022583,12.534479096389013,"runs\SAC_enc256\chkpts\2026-04-20-01_07_15.pt",8,1,1
12000,1.514243353717029,180,0.11687564849853516,-3.7901861667633057,0.16372224688529968,3.4557037353515625,12.106519684670833,"runs\SAC_enc256\chkpts\2026-04-20-01_09_09.pt",11,1,3
13000,0.4504882232286036,193,0.11450217664241791,-4.73507022857666,0.14814341068267822,4.433802127838135,11.725209385240882,"runs\SAC_enc256\chkpts\2026-04-20-01_11_06.pt",13,0,7
14000,0.5684999896213412,202,0.23904436826705933,-5.354402542114258,0.13404376804828644,5.079355239868164,11.483042844168164,"runs\SAC_enc256\chkpts\2026-04-20-01_12_57.pt",9,0,2
15000,1.2419999789446592,209,0.7400855422019958,-5.702627658843994,0.12129606306552887,5.454006195068359,11.313814923775306,"runs\SAC_enc256\chkpts\2026-04-20-01_14_44.pt",7,0,1
16000,1.974104712717235,216,0.6226040124893188,-6.053483963012695,0.10976555198431015,5.8288798332214355,11.171561446151664,"runs\SAC_enc256\chkpts\2026-04-20-01_16_30.pt",7,1,0
17000,2.7729245496913792,220,0.4116407632827759,-6.383964538574219,0.09932629019021988,6.1815948486328125,11.097739270125258,"runs\SAC_enc256\chkpts\2026-04-20-01_18_10.pt",4,1,0
18000,2.990208189655095,229,0.2894997000694275,-6.4581451416015625,0.08989037573337555,6.275420188903809,10.974309150557087,"runs\SAC_enc256\chkpts\2026-04-20-01_19_58.pt",9,2,3
19000,3.2325626561418175,237,0.6459954380989075,-6.404195308685303,0.08135935664176941,6.241704940795898,10.871869563800113,"runs\SAC_enc256\chkpts\2026-04-20-01_21_45.pt",8,3,0
20000,2.833215948008001,244,0.540425181388855,-6.52156925201416,0.07362007349729538,6.378698825836182,10.795352368678275,"runs\SAC_enc256\chkpts\2026-04-20-01_23_30.pt",7,1,2
21000,4.280972819775343,250,0.6620234251022339,-6.468244552612305,0.06665461510419846,6.340429782867432,10.745951460459725,"runs\SAC_enc256\chkpts\2026-04-20-01_25_12.pt",6,5,0
22000,5.212349499203265,256,0.6125524640083313,-6.427400588989258,0.060364045202732086,6.312681198120117,10.704083596875229,"runs\SAC_enc256\chkpts\2026-04-20-01_26_53.pt",6,5,0
23000,6.504900933522731,266,1.5925962924957275,-6.733830451965332,0.0546814426779747,6.633028507232666,10.635242551161447,"runs\SAC_enc256\chkpts\2026-04-20-01_28_40.pt",10,9,0
24000,5.283598741702735,278,0.7575762271881104,-6.094139099121094,0.04951087012887001,6.00236701965332,10.560123644898644,"runs\SAC_enc256\chkpts\2026-04-20-01_30_30.pt",12,12,0
25000,5.322090906370431,289,0.5863944888114929,-6.464411735534668,0.04483383893966675,6.385921001434326,10.50027870701744,"runs\SAC_enc256\chkpts\2026-04-20-01_32_19.pt",11,11,0
26000,4.666089220065624,305,0.8727107048034668,-6.159945487976074,0.040609125047922134,6.088976860046387,10.41122956339101,"runs\SAC_enc256\chkpts\2026-04-20-01_34_15.pt",16,16,0
27000,4.2006079784594474,321,0.5872390866279602,-6.044634819030762,0.03680220618844032,5.987615585327148,10.339181467416362,"runs\SAC_enc256\chkpts\2026-04-20-01_36_09.pt",16,16,0
28000,4.698578422889113,336,0.6979776620864868,-5.792512893676758,0.03337946534156799,5.741641521453857,10.280248459002967,"runs\SAC_enc256\chkpts\2026-04-20-01_38_01.pt",15,15,0
29000,5.158682643435895,350,0.5621442794799805,-5.799649715423584,0.03028212860226631,5.756236553192139,10.22996896441896,"runs\SAC_enc256\chkpts\2026-04-20-01_39_53.pt",14,14,0
30000,6.304645145591349,360,0.5714849233627319,-5.983907699584961,0.02750580944120884,5.954682350158691,10.20398578948309,"runs\SAC_enc256\chkpts\2026-04-20-01_41_38.pt",10,10,0
31000,6.286088144034148,369,0.675853431224823,-5.574878692626953,0.02495734766125679,5.551872253417969,10.184670975239122,"runs\SAC_enc256\chkpts\2026-04-20-01_43_22.pt",9,8,1
32000,5.968071849178523,378,0.3953941762447357,-5.363068580627441,0.02267308533191681,5.342230319976807,10.162833958882265,"runs\SAC_enc256\chkpts\2026-04-20-01_45_07.pt",9,8,0
33000,5.93972497805953,385,0.44116461277008057,-5.278515815734863,0.02058221586048603,5.263192653656006,10.152378527425233,"runs\SAC_enc256\chkpts\2026-04-20-01_46_48.pt",7,6,0
34000,5.136272052209824,394,0.4260285496711731,-5.1225385665893555,0.0186763983219862,5.1067609786987305,10.131571186594668,"runs\SAC_enc256\chkpts\2026-04-20-01_48_34.pt",9,7,1
35000,6.488260514847934,398,0.526256799697876,-5.173423767089844,0.016996067017316818,5.162684440612793,10.135390899114757,"runs\SAC_enc256\chkpts\2026-04-20-01_50_11.pt",4,4,0
36000,6.271976007707417,399,0.23987364768981934,-4.643776893615723,0.015421129763126373,4.644163131713867,10.153620257104535,"runs\SAC_enc256\chkpts\2026-04-20-01_51_43.pt",1,1,0
37000,8.351131193339825,406,0.2783010005950928,-4.605792999267578,0.014009900391101837,4.6082258224487305,10.139373111827148,"runs\SAC_enc256\chkpts\2026-04-20-01_53_27.pt",7,4,1
38000,8.052235092129559,414,0.3367549180984497,-4.475057125091553,0.012670083902776241,4.469804286956787,10.110363969750289,"runs\SAC_enc256\chkpts\2026-04-20-01_55_16.pt",8,0,0
39000,4.092221377231181,424,0.1290096938610077,-4.374538421630859,0.011475738137960434,4.370659828186035,10.079114671644504,"runs\SAC_enc256\chkpts\2026-04-20-01_57_07.pt",10,3,1
40000,3.6732700382359327,432,0.20842021703720093,-4.521175861358643,0.010453951545059681,4.526596546173096,10.061010685523707,"runs\SAC_enc256\chkpts\2026-04-20-01_58_54.pt",8,2,2
41000,3.660328143276274,436,0.11172094941139221,-4.139453887939453,0.009541306644678116,4.138705253601074,10.061306218711984,"runs\SAC_enc256\chkpts\2026-04-20-02_00_33.pt",4,1,0
42000,5.223180299252272,443,0.11856730282306671,-4.193220138549805,0.008694441057741642,4.196732997894287,10.046429674009685,"runs\SAC_enc256\chkpts\2026-04-20-02_02_18.pt",7,2,0
43000,6.162668422516435,449,0.14399603009223938,-4.089886665344238,0.007917771115899086,4.095511436462402,10.041333227213503,"runs\SAC_enc256\chkpts\2026-04-20-02_04_00.pt",6,4,0
44000,7.754811113979668,455,0.29969704151153564,-3.975515842437744,0.007201853673905134,3.980825185775757,10.03987397113093,"runs\SAC_enc256\chkpts\2026-04-20-02_05_40.pt",6,6,0
45000,7.469696856476366,462,0.15174946188926697,-3.901322364807129,0.006549759302288294,3.9053006172180176,10.035207370171635,"runs\SAC_enc256\chkpts\2026-04-20-02_07_22.pt",7,7,0
46000,7.8796968588605525,464,0.08017219603061676,-3.870511054992676,0.005945080425590277,3.875596523284912,10.047980244966553,"runs\SAC_enc256\chkpts\2026-04-20-02_08_56.pt",2,0,2
47000,7.787147265952081,474,0.1528318226337433,-3.675464630126953,0.005406508222222328,3.682163953781128,10.02688641688204,"runs\SAC_enc256\chkpts\2026-04-20-02_10_45.pt",10,7,0
48000,7.211500978562981,482,0.0721956342458725,-3.5866360664367676,0.004958216100931168,3.5935487747192383,10.014854245157148,"runs\SAC_enc256\chkpts\2026-04-20-02_12_31.pt",8,5,0
49000,4.228917971532792,498,0.08079545199871063,-3.839569568634033,0.00456287432461977,3.8469934463500977,9.978362645622433,"runs\SAC_enc256\chkpts\2026-04-20-02_14_28.pt",16,14,0
50000,5.0751795678399505,507,0.1591876745223999,-3.4118051528930664,0.0041571566835045815,3.4182634353637695,9.968263741280625,"runs\SAC_enc256\chkpts\2026-04-20-02_16_14.pt",9,8,0
51000,6.585389444045722,516,0.06438274681568146,-3.4052984714508057,0.0038296186830848455,3.4113993644714355,9.95890176996878,"runs\SAC_enc256\chkpts\2026-04-20-02_17_59.pt",9,8,1
52000,7.137007203046233,523,0.08303070068359375,-3.445497989654541,0.003549930639564991,3.4517555236816406,9.95510355032811,"runs\SAC_enc256\chkpts\2026-04-20-02_19_41.pt",7,6,0
53000,7.888547984603792,532,0.05396122485399246,-3.501351833343506,0.0032662975136190653,3.5071165561676025,9.94372744644409,"runs\SAC_enc256\chkpts\2026-04-20-02_21_28.pt",9,7,0
54000,7.264215865265578,541,0.06006983667612076,-3.523920774459839,0.0030109514482319355,3.5293333530426025,9.934408342034546,"runs\SAC_enc256\chkpts\2026-04-20-02_23_13.pt",9,8,0
55000,7.903162309341132,549,0.08230695873498917,-3.5465986728668213,0.002782319439575076,3.5532822608947754,9.925997545028519,"runs\SAC_enc256\chkpts\2026-04-20-02_24_59.pt",8,6,0
56000,7.306926310714334,560,0.17039737105369568,-3.584178924560547,0.0026100841350853443,3.5900931358337402,9.912851907038155,"runs\SAC_enc256\chkpts\2026-04-20-02_26_47.pt",11,11,0
57000,6.046642003301531,574,0.045181430876255035,-3.510087013244629,0.002493093954399228,3.5176143646240234,9.892293086972197,"runs\SAC_enc256\chkpts\2026-04-20-02_28_40.pt",14,14,0
58000,7.197572253644466,590,0.04972827434539795,-3.485538959503174,0.0023995041847229004,3.4929535388946533,9.867579016368621,"runs\SAC_enc256\chkpts\2026-04-20-02_30_36.pt",16,16,0
59000,7.556343811936676,601,0.06949351727962494,-3.5423240661621094,0.0023988669272512197,3.5497217178344727,9.85548487083851,"runs\SAC_enc256\chkpts\2026-04-20-02_32_24.pt",11,10,0
60000,7.979216762352735,613,0.0741320252418518,-3.411116600036621,0.0024620508775115013,3.417816638946533,9.84115650630701,"runs\SAC_enc256\chkpts\2026-04-20-02_34_15.pt",12,11,0
61000,7.850728633999824,622,0.06130469590425491,-3.614696502685547,0.0024341456592082977,3.621676445007324,9.835224544444555,"runs\SAC_enc256\chkpts\2026-04-20-02_36_00.pt",9,8,0
62000,8.683615212980659,634,0.08698499202728271,-3.4720027446746826,0.0025416624266654253,3.478797674179077,9.822847560939273,"runs\SAC_enc256\chkpts\2026-04-20-02_37_50.pt",12,12,0
63000,7.815002060495317,645,0.1287718117237091,-3.5597362518310547,0.002664731815457344,3.5694901943206787,9.813855235116037,"runs\SAC_enc256\chkpts\2026-04-20-02_39_37.pt",11,11,0
64000,7.69111269088462,659,0.09202047437429428,-3.56512451171875,0.0026815992314368486,3.572566032409668,9.797471916191757,"runs\SAC_enc256\chkpts\2026-04-20-02_41_30.pt",14,14,0
65000,8.273026709537953,669,0.09052256494760513,-3.405646562576294,0.002647857880219817,3.4148309230804443,9.791294865653152,"runs\SAC_enc256\chkpts\2026-04-20-02_43_16.pt",10,10,0
66000,9.183897508122026,679,0.08971225470304489,-3.5525474548339844,0.0025776519905775785,3.5595169067382812,9.785444776416266,"runs\SAC_enc256\chkpts\2026-04-20-02_45_02.pt",10,10,0
67000,7.1580033342354,696,0.07303354144096375,-3.7039833068847656,0.0026936791837215424,3.711608648300171,9.762905393166452,"runs\SAC_enc256\chkpts\2026-04-20-02_47_00.pt",17,16,0
68000,7.013274515233934,710,0.14404913783073425,-3.7620935440063477,0.0027519939467310905,3.770750045776367,9.746284374473795,"runs\SAC_enc256\chkpts\2026-04-20-02_48_55.pt",14,12,0
69000,6.960125649254769,723,0.13568927347660065,-3.5861992835998535,0.002936812350526452,3.5964736938476562,9.735934261050765,"runs\SAC_enc256\chkpts\2026-04-20-02_50_45.pt",13,13,0
70000,7.543885955028236,734,0.06817831099033356,-3.6481008529663086,0.003061930648982525,3.6572625637054443,9.731213003745639,"runs\SAC_enc256\chkpts\2026-04-20-02_52_31.pt",11,10,0
71000,8.8301906183362,742,0.07474874705076218,-3.7134289741516113,0.0030520022846758366,3.7205922603607178,9.733023104634105,"runs\SAC_enc256\chkpts\2026-04-20-02_54_13.pt",8,7,0
72000,10.287862163688988,751,0.11448231339454651,-3.626769781112671,0.0029946002177894115,3.635362148284912,9.732925990385985,"runs\SAC_enc256\chkpts\2026-04-20-02_55_55.pt",9,8,0
73000,10.863256828859448,758,0.08658197522163391,-3.8580455780029297,0.003202419262379408,3.868102550506592,9.737676344449362,"runs\SAC_enc256\chkpts\2026-04-20-02_57_34.pt",7,7,0
74000,11.022648374177516,765,0.06723272055387497,-3.710989475250244,0.003385739866644144,3.72053861618042,9.742003899915563,"runs\SAC_enc256\chkpts\2026-04-20-02_59_14.pt",7,7,0
75000,11.911673179548234,772,0.0766899585723877,-3.704087257385254,0.0032912639435380697,3.714332103729248,9.74532756429889,"runs\SAC_enc256\chkpts\2026-04-20-03_00_54.pt",7,7,0
76000,11.45003906423226,782,0.09021325409412384,-3.9567713737487793,0.003302304306998849,3.9665868282318115,9.742896299431896,"runs\SAC_enc256\chkpts\2026-04-20-03_02_38.pt",10,10,0
77000,9.194962229020893,793,0.09645289927721024,-3.7504420280456543,0.003397515043616295,3.7597217559814453,9.737920309096936,"runs\SAC_enc256\chkpts\2026-04-20-03_04_25.pt",11,11,0
78000,8.885217789560556,802,0.09816902875900269,-3.78314208984375,0.0034507138188928366,3.7932093143463135,9.737090410847358,"runs\SAC_enc256\chkpts\2026-04-20-03_06_08.pt",9,9,0
79000,9.2924397084862,807,0.0772646814584732,-3.920090675354004,0.0035311002284288406,3.930595874786377,9.743338196789878,"runs\SAC_enc256\chkpts\2026-04-20-03_07_46.pt",5,5,0
80000,10.509108682535588,818,0.10685279220342636,-3.825179100036621,0.0036572162061929703,3.836195468902588,9.738212941386601,"runs\SAC_enc256\chkpts\2026-04-20-03_09_33.pt",11,11,0
81000,8.452869266923518,829,0.1688281148672104,-3.9684181213378906,0.0037140757776796818,3.978588581085205,9.729389613291307,"runs\SAC_enc256\chkpts\2026-04-20-03_11_23.pt",11,9,0
82000,8.256967505626381,839,0.08976896107196808,-4.029847145080566,0.003695195307955146,4.040322303771973,9.725313978002935,"runs\SAC_enc256\chkpts\2026-04-20-03_13_09.pt",10,10,0
83000,8.947406725771724,849,0.10849838703870773,-3.98374080657959,0.003801623359322548,3.9936976432800293,9.71987036876069,"runs\SAC_enc256\chkpts\2026-04-20-03_14_57.pt",10,8,0
84000,10.448363775201141,857,0.09978365153074265,-4.000885486602783,0.0038210838101804256,4.012205600738525,9.719677739686155,"runs\SAC_enc256\chkpts\2026-04-20-03_16_40.pt",8,8,0
85000,10.759114936832338,864,0.13455075025558472,-3.897853374481201,0.0039436100050807,3.9097726345062256,9.721931394029543,"runs\SAC_enc256\chkpts\2026-04-20-03_18_21.pt",7,7,0
86000,9.378782155271619,876,0.06704206764698029,-4.0318379402160645,0.003820362500846386,4.042136192321777,9.715111621344324,"runs\SAC_enc256\chkpts\2026-04-20-03_20_10.pt",12,12,0
87000,9.03997987760231,883,0.10521132498979568,-3.9113199710845947,0.003623324679210782,3.921694755554199,9.71535112733262,"runs\SAC_enc256\chkpts\2026-04-20-03_21_53.pt",7,5,0
88000,9.872037398349494,889,0.16175077855587006,-4.0643720626831055,0.003372149309143424,4.074740886688232,9.717674160073209,"runs\SAC_enc256\chkpts\2026-04-20-03_23_33.pt",6,5,0
89000,11.300284246727824,897,0.09059516340494156,-4.102813720703125,0.0032120016403496265,4.114258766174316,9.7158170570292,"runs\SAC_enc256\chkpts\2026-04-20-03_25_18.pt",8,6,0
90000,12.405765475984662,902,0.06550648808479309,-3.7490034103393555,0.00307953217998147,3.7585134506225586,9.718100364892875,"runs\SAC_enc256\chkpts\2026-04-20-03_26_59.pt",5,2,0
91000,12.33701587151736,908,0.09287680685520172,-3.8063735961914062,0.0031664157286286354,3.814908027648926,9.720550574716498,"runs\SAC_enc256\chkpts\2026-04-20-03_28_39.pt",6,5,0
92000,12.933440118283034,916,0.06523922085762024,-3.771096706390381,0.003277071285992861,3.782358169555664,9.71870678862789,"runs\SAC_enc256\chkpts\2026-04-20-03_30_24.pt",8,6,0
93000,13.20778665645048,921,0.08573129773139954,-3.8434247970581055,0.003362800693139434,3.853071451187134,9.722390135626867,"runs\SAC_enc256\chkpts\2026-04-20-03_32_03.pt",5,4,0
94000,10.98790200781077,929,0.06435368955135345,-3.9973888397216797,0.003224376356229186,4.006478309631348,9.719194652622066,"runs\SAC_enc256\chkpts\2026-04-20-03_33_49.pt",8,4,0
95000,11.547197641432286,936,0.06887796521186829,-3.896730422973633,0.003142312169075012,3.9065957069396973,9.719101293361945,"runs\SAC_enc256\chkpts\2026-04-20-03_35_32.pt",7,5,0
96000,12.066947991587222,941,0.06131500378251076,-3.9028074741363525,0.003171642543748021,3.911038637161255,9.722668720048315,"runs\SAC_enc256\chkpts\2026-04-20-03_37_12.pt",5,4,0
97000,14.73760452605784,947,0.06238070875406265,-3.8835151195526123,0.0032158882822841406,3.891758441925049,9.725267938298243,"runs\SAC_enc256\chkpts\2026-04-20-03_38_52.pt",6,6,0
98000,16.064276074245573,953,0.11577905714511871,-3.9729020595550537,0.0032532219775021076,3.983041763305664,9.727448372219415,"runs\SAC_enc256\chkpts\2026-04-20-03_40_32.pt",6,6,0
99000,15.5905801653862,959,0.053394634276628494,-4.009415626525879,0.003220312064513564,4.01837158203125,9.728703254210176,"runs\SAC_enc256\chkpts\2026-04-20-03_42_14.pt",6,4,0
100000,14.126264431606979,965,0.07419534027576447,-3.9746651649475098,0.003189304145053029,3.9842681884765625,9.730635560268773,"runs\SAC_enc256\chkpts\2026-04-20-03_43_55.pt",6,5,0
101000,13.962550548650324,972,0.060400329530239105,-3.9484715461730957,0.003234592266380787,3.959489345550537,9.730848904128521,"runs\SAC_enc256\chkpts\2026-04-20-03_45_37.pt",7,6,0
102000,13.005853724479675,980,0.07572072744369507,-4.065228462219238,0.0033430380281060934,4.074930191040039,9.729058994444081,"runs\SAC_enc256\chkpts\2026-04-20-03_47_22.pt",8,6,0
103000,12.908557600900531,986,0.05124490708112717,-4.030465126037598,0.0033608211670070887,4.0385003089904785,9.729998109164443,"runs\SAC_enc256\chkpts\2026-04-20-03_49_04.pt",6,4,0
104000,11.34288526000455,998,0.057571105659008026,-4.258997917175293,0.003469115821644664,4.26961612701416,9.723011875823584,"runs\SAC_enc256\chkpts\2026-04-20-03_50_54.pt",12,11,0
105000,11.06941925752908,1005,0.07624676823616028,-4.1514387130737305,0.003592207795009017,4.162044048309326,9.723403502044743,"runs\SAC_enc256\chkpts\2026-04-20-03_52_36.pt",7,6,0
106000,11.467864440008999,1012,0.06242381036281586,-4.312844276428223,0.0034966461826115847,4.323243141174316,9.723883859666785,"runs\SAC_enc256\chkpts\2026-04-20-03_54_19.pt",7,6,0
107000,13.325367479491979,1017,0.07577869296073914,-4.178384304046631,0.003548522712662816,4.189166069030762,9.727653953290817,"runs\SAC_enc256\chkpts\2026-04-20-03_55_57.pt",5,5,0
108000,14.138698800466955,1026,0.1050352156162262,-4.291363716125488,0.003678646869957447,4.301743030548096,9.725968242951884,"runs\SAC_enc256\chkpts\2026-04-20-03_57_42.pt",9,9,0
109000,15.583795242477208,1029,0.0883065015077591,-4.247403144836426,0.0036742922384291887,4.258859634399414,9.73267251766226,"runs\SAC_enc256\chkpts\2026-04-20-03_59_17.pt",3,3,0
110000,16.443803695216776,1034,0.0553094819188118,-4.492127418518066,0.0035733282566070557,4.502713203430176,9.73660822476456,"runs\SAC_enc256\chkpts\2026-04-20-04_00_55.pt",5,5,0
111000,18.068324636947363,1037,0.09645877778530121,-4.549714088439941,0.003480234881862998,4.560189723968506,9.742598272804226,"runs\SAC_enc256\chkpts\2026-04-20-04_02_31.pt",3,2,0
112000,21.079136280994863,1041,0.1131758913397789,-4.3144683837890625,0.0034420581068843603,4.3254241943359375,9.747442834934516,"runs\SAC_enc256\chkpts\2026-04-20-04_04_08.pt",4,4,0
113000,24.437245880160482,1043,0.117132768034935,-4.391266822814941,0.003511460032314062,4.404014587402344,9.755674315689054,"runs\SAC_enc256\chkpts\2026-04-20-04_05_41.pt",2,2,0
114000,28.22969407783821,1046,0.1216564029455185,-4.629997253417969,0.003648178419098258,4.6416778564453125,9.764020072950338,"runs\SAC_enc256\chkpts\2026-04-20-04_07_13.pt",3,3,0
115000,27.67981890151277,1050,0.09096218645572662,-4.392733573913574,0.0036908932961523533,4.402724742889404,9.770607474283162,"runs\SAC_enc256\chkpts\2026-04-20-04_08_48.pt",4,4,0
116000,30.391170176211745,1054,0.08307524770498276,-4.655505180358887,0.003789616283029318,4.664956569671631,9.776500352463184,"runs\SAC_enc256\chkpts\2026-04-20-04_10_23.pt",4,4,0
117000,31.484469933249056,1057,0.11149975657463074,-4.656974792480469,0.003762767417356372,4.6692214012146,9.784370731301351,"runs\SAC_enc256\chkpts\2026-04-20-04_11_56.pt",3,3,0
118000,32.81549333361909,1061,0.0939612090587616,-4.62297248840332,0.003713957266882062,4.633599758148193,9.790848447233536,"runs\SAC_enc256\chkpts\2026-04-20-04_13_30.pt",4,4,0
119000,30.959647270012645,1065,0.07598945498466492,-4.872525215148926,0.0038090806920081377,4.885022163391113,9.796965121643492,"runs\SAC_enc256\chkpts\2026-04-20-04_15_04.pt",4,4,0
120000,33.22340157032013,1067,0.0703696608543396,-4.977296829223633,0.004007857758551836,4.99038028717041,9.805611644348174,"runs\SAC_enc256\chkpts\2026-04-20-04_16_36.pt",2,2,0
121000,35.2152005133219,1070,0.16213549673557281,-5.010079383850098,0.004241947550326586,5.024708271026611,9.812344731721897,"runs\SAC_enc256\chkpts\2026-04-20-04_18_09.pt",3,3,0
122000,37.22791088689119,1074,0.08279109001159668,-5.3086042404174805,0.004481340292841196,5.321382522583008,9.817628714299723,"runs\SAC_enc256\chkpts\2026-04-20-04_19_44.pt",4,4,0
123000,36.171207926329224,1078,0.08803202211856842,-5.251348495483398,0.004604744259268045,5.2651824951171875,9.82279014596659,"runs\SAC_enc256\chkpts\2026-04-20-04_21_20.pt",4,4,0
124000,37.48363946415484,1083,0.1109825074672699,-5.301647186279297,0.0047037419863045216,5.315755367279053,9.826121149365296,"runs\SAC_enc256\chkpts\2026-04-20-04_22_57.pt",5,5,0
125000,34.37442911239341,1089,0.1021476536989212,-5.321523189544678,0.004999911412596703,5.335953712463379,9.82820144036745,"runs\SAC_enc256\chkpts\2026-04-20-04_24_36.pt",6,6,0
126000,34.57428888566792,1093,0.10469862818717957,-5.44005012512207,0.005018126219511032,5.454572677612305,9.832153727937937,"runs\SAC_enc256\chkpts\2026-04-20-04_26_13.pt",4,4,0
127000,32.45569353336468,1097,0.10424311459064484,-5.68247127532959,0.005273646675050259,5.69914436340332,9.836222698395796,"runs\SAC_enc256\chkpts\2026-04-20-04_27_49.pt",4,4,0
128000,33.015103360824284,1102,0.08392796665430069,-5.835210800170898,0.005529369693249464,5.853644847869873,9.836867640087355,"runs\SAC_enc256\chkpts\2026-04-20-04_29_30.pt",5,5,0
129000,36.34214100521058,1105,0.0930584967136383,-6.037744522094727,0.005851445719599724,6.056857109069824,9.841416295444127,"runs\SAC_enc256\chkpts\2026-04-20-04_31_06.pt",3,3,0
130000,40.12740243449807,1107,0.16047978401184082,-6.127002239227295,0.006175491958856583,6.1447343826293945,9.84679037366734,"runs\SAC_enc256\chkpts\2026-04-20-04_32_40.pt",2,1,0
131000,35.57800238411873,1115,0.08948928862810135,-6.33480167388916,0.006324661895632744,6.353584289550781,9.845096596446943,"runs\SAC_enc256\chkpts\2026-04-20-04_34_24.pt",8,7,0
132000,37.31954129198566,1117,0.148437961935997,-6.327699184417725,0.006345887202769518,6.348488807678223,9.85098728727979,"runs\SAC_enc256\chkpts\2026-04-20-04_35_57.pt",2,2,0
133000,39.126554146409035,1122,0.13555178046226501,-6.667850494384766,0.006578363943845034,6.688545227050781,9.853369258185621,"runs\SAC_enc256\chkpts\2026-04-20-04_37_36.pt",5,5,0
134000,34.732358964253216,1127,0.0960502028465271,-6.692689895629883,0.006721565034240484,6.7128071784973145,9.855699824451667,"runs\SAC_enc256\chkpts\2026-04-20-04_39_14.pt",5,5,0
135000,34.39058390762657,1134,0.1606616973876953,-7.05327033996582,0.006731761619448662,7.075258255004883,9.855436896300889,"runs\SAC_enc256\chkpts\2026-04-20-04_40_56.pt",7,7,0
136000,31.685806524846704,1140,0.11623913049697876,-7.1402997970581055,0.006810626480728388,7.161083221435547,9.856614571428995,"runs\SAC_enc256\chkpts\2026-04-20-04_42_36.pt",6,6,0
137000,27.512406918220222,1148,0.1866631656885147,-7.482001781463623,0.007160058245062828,7.502837181091309,9.855242221862165,"runs\SAC_enc256\chkpts\2026-04-20-04_44_19.pt",8,8,0
138000,23.935475901141764,1157,0.1778223216533661,-7.479888916015625,0.007251588627696037,7.5027079582214355,9.852873818995379,"runs\SAC_enc256\chkpts\2026-04-20-04_46_04.pt",9,9,0
139000,21.86067717997357,1165,0.1628982573747635,-7.764209747314453,0.007410254329442978,7.786631107330322,9.85152977451388,"runs\SAC_enc256\chkpts\2026-04-20-04_47_47.pt",8,8,0
140000,20.42448805011809,1176,0.15828937292099,-8.000020980834961,0.0074096499010920525,8.023727416992188,9.847050649121142,"runs\SAC_enc256\chkpts\2026-04-20-04_49_35.pt",11,11,0
141000,17.37890592245385,1188,0.2966393232345581,-8.072748184204102,0.007634067442268133,8.096867561340332,9.841405323105525,"runs\SAC_enc256\chkpts\2026-04-20-04_51_25.pt",12,12,0
142000,19.407248734962195,1197,0.35939449071884155,-8.146393775939941,0.0077307396568357944,8.172286033630371,9.839169823339585,"runs\SAC_enc256\chkpts\2026-04-20-04_53_10.pt",9,9,0
143000,23.26187778422609,1205,0.17420442402362823,-8.42008113861084,0.007611408364027739,8.439939498901367,9.837955046129442,"runs\SAC_enc256\chkpts\2026-04-20-04_54_53.pt",8,8,0
144000,26.06177139757201,1212,0.3765648305416107,-8.349193572998047,0.007840818725526333,8.371826171875,9.83797947401377,"runs\SAC_enc256\chkpts\2026-04-20-04_56_35.pt",7,7,0
145000,28.2409183495678,1220,0.2561824321746826,-8.678464889526367,0.007880358956754208,8.70276165008545,9.836933481759743,"runs\SAC_enc256\chkpts\2026-04-20-04_58_18.pt",8,8,0
146000,26.9194677202031,1229,0.6249896883964539,-9.151179313659668,0.007926599122583866,9.174062728881836,9.834923657234004,"runs\SAC_enc256\chkpts\2026-04-20-05_00_03.pt",9,9,0
147000,23.656464883778245,1239,0.3699347972869873,-8.858316421508789,0.007684570271521807,8.881732940673828,9.83191725999803,"runs\SAC_enc256\chkpts\2026-04-20-05_01_49.pt",10,10,0
148000,22.85975342700258,1248,0.5267850160598755,-9.113824844360352,0.007845078594982624,9.137338638305664,9.829730106072581,"runs\SAC_enc256\chkpts\2026-04-20-05_03_34.pt",9,9,0
149000,26.959442449174823,1253,0.4491153061389923,-9.246932983398438,0.007545498199760914,9.267772674560547,9.831901689310008,"runs\SAC_enc256\chkpts\2026-04-20-05_05_13.pt",5,5,0
150000,30.623029722180217,1259,0.4952033758163452,-9.600546836853027,0.007540545891970396,9.622641563415527,9.833188377408161,"runs\SAC_enc256\chkpts\2026-04-20-05_06_52.pt",6,6,0
151000,33.425833094958215,1265,0.24752368032932281,-9.249068260192871,0.007355308160185814,9.269712448120117,9.834424538022501,"runs\SAC_enc256\chkpts\2026-04-20-05_08_32.pt",6,6,0
152000,32.41589555572718,1272,0.6271690130233765,-9.404304504394531,0.007472858764231205,9.425788879394531,9.834119996080428,"runs\SAC_enc256\chkpts\2026-04-20-05_10_14.pt",7,7,0
153000,32.19277779143304,1279,0.7316230535507202,-9.648978233337402,0.007239994127303362,9.670818328857422,9.834275684130278,"runs\SAC_enc256\chkpts\2026-04-20-05_11_56.pt",7,7,0
154000,28.254227095097303,1286,0.6447196006774902,-9.484400749206543,0.007380758877843618,9.507495880126953,9.834527169635887,"runs\SAC_enc256\chkpts\2026-04-20-05_13_37.pt",7,7,0
155000,30.09154698960483,1293,1.0684078931808472,-9.897005081176758,0.00744034256786108,9.919416427612305,9.83459520132095,"runs\SAC_enc256\chkpts\2026-04-20-05_15_18.pt",7,7,0
156000,27.09851447120309,1300,0.2859756350517273,-9.976507186889648,0.007304742932319641,10.000826835632324,9.834646502397437,"runs\SAC_enc256\chkpts\2026-04-20-05_17_00.pt",7,7,0
157000,29.594605267047882,1307,0.4754822850227356,-10.314447402954102,0.007297316566109657,10.335395812988281,9.834715140514334,"runs\SAC_enc256\chkpts\2026-04-20-05_18_42.pt",7,7,0
158000,32.30255097039044,1312,0.48472732305526733,-10.119085311889648,0.007511126343160868,10.14181900024414,9.836716691593008,"runs\SAC_enc256\chkpts\2026-04-20-05_20_20.pt",5,5,0
159000,34.53051623506472,1316,0.42968934774398804,-10.107481002807617,0.0073832618072628975,10.127950668334961,9.840800719796611,"runs\SAC_enc256\chkpts\2026-04-20-05_21_55.pt",4,4,0
160000,35.11398493982851,1321,0.652228593826294,-10.34225082397461,0.007458902895450592,10.364883422851562,9.844285498853363,"runs\SAC_enc256\chkpts\2026-04-20-05_23_31.pt",5,5,0
161000,39.34511056449264,1325,0.7309315204620361,-9.786521911621094,0.007468483876436949,9.808289527893066,9.848738753240644,"runs\SAC_enc256\chkpts\2026-04-20-05_25_05.pt",4,4,0
162000,43.32044497756287,1327,0.8214685916900635,-10.711569786071777,0.007337117567658424,10.734066009521484,9.854484190415139,"runs\SAC_enc256\chkpts\2026-04-20-05_26_37.pt",2,1,0
163000,49.851699852198365,1330,0.41053131222724915,-10.723623275756836,0.007204693742096424,10.741313934326172,9.859052756774872,"runs\SAC_enc256\chkpts\2026-04-20-05_28_11.pt",3,2,0
164000,52.48089161617681,1334,0.5678418874740601,-10.170482635498047,0.007414760999381542,10.191527366638184,9.862844982304148,"runs\SAC_enc256\chkpts\2026-04-20-05_29_46.pt",4,4,0
165000,53.63137170383707,1338,0.6937586069107056,-10.734312057495117,0.007267567794770002,10.756595611572266,9.866564313541748,"runs\SAC_enc256\chkpts\2026-04-20-05_31_21.pt",4,4,0
166000,58.04336213171482,1340,0.6072361469268799,-10.376152992248535,0.007139609195291996,10.397969245910645,9.87113753546823,"runs\SAC_enc256\chkpts\2026-04-20-05_32_54.pt",2,0,0
167000,62.72686782022938,1341,0.9170131683349609,-10.849920272827148,0.007433948572725058,10.871877670288086,9.877183670116164,"runs\SAC_enc256\chkpts\2026-04-20-05_34_25.pt",1,1,0
168000,70.75149270845577,1343,0.8397066593170166,-10.643409729003906,0.007573163602501154,10.66761589050293,9.882154981440609,"runs\SAC_enc256\chkpts\2026-04-20-05_35_58.pt",2,2,0
169000,68.31491094399243,1347,0.7506164312362671,-11.03826904296875,0.007707091048359871,11.063989639282227,9.885120936749814,"runs\SAC_enc256\chkpts\2026-04-20-05_37_34.pt",4,4,0
170000,66.13649146044627,1350,0.7535402178764343,-10.522663116455078,0.007573232054710388,10.542152404785156,9.888834932692797,"runs\SAC_enc256\chkpts\2026-04-20-05_39_09.pt",3,3,0
171000,57.23028635038063,1358,0.45461082458496094,-10.862800598144531,0.007810760289430618,10.888123512268066,9.887225305330068,"runs\SAC_enc256\chkpts\2026-04-20-05_40_53.pt",8,8,0
172000,31.12588751073927,1367,0.5672601461410522,-11.115880966186523,0.007995479740202427,11.138298034667969,9.884978816615046,"runs\SAC_enc256\chkpts\2026-04-20-05_42_38.pt",9,9,0
173000,26.744344098120926,1372,0.3329344689846039,-11.10838508605957,0.00800863653421402,11.133155822753906,9.88620279655741,"runs\SAC_enc256\chkpts\2026-04-20-05_44_17.pt",5,5,0
174000,32.2274311311543,1377,0.29938846826553345,-11.802148818969727,0.008046593517065048,11.824220657348633,9.88745695197497,"runs\SAC_enc256\chkpts\2026-04-20-05_45_56.pt",5,5,0
175000,37.76962979286909,1379,0.6678504347801208,-11.542558670043945,0.007907033897936344,11.566228866577148,9.891260446463319,"runs\SAC_enc256\chkpts\2026-04-20-05_47_30.pt",2,2,0
176000,45.650758367776874,1381,1.1958677768707275,-11.40744400024414,0.008146628737449646,11.434232711791992,9.89542968492073,"runs\SAC_enc256\chkpts\2026-04-20-05_49_04.pt",2,2,0
177000,51.072724607679994,1386,0.9644153118133545,-11.439982414245605,0.008240088820457458,11.465622901916504,9.896505290634476,"runs\SAC_enc256\chkpts\2026-04-20-05_50_43.pt",5,5,0
178000,60.31304870629683,1387,0.4621565341949463,-12.000658988952637,0.008247151970863342,12.02446174621582,9.9000863271483,"runs\SAC_enc256\chkpts\2026-04-20-05_52_17.pt",1,0,0
179000,61.71161723555997,1388,0.6519680619239807,-11.736944198608398,0.007997691631317139,11.759989738464355,9.905431070315036,"runs\SAC_enc256\chkpts\2026-04-20-05_53_49.pt",1,1,0
180000,68.64985726093873,1390,0.6053369045257568,-11.85942268371582,0.00812540017068386,11.882993698120117,9.909362325055675,"runs\SAC_enc256\chkpts\2026-04-20-05_55_22.pt",2,1,0
181000,72.86834417600184,1395,0.7154592275619507,-11.616292953491211,0.008301382884383202,11.638400077819824,9.909873271616656,"runs\SAC_enc256\chkpts\2026-04-20-05_57_02.pt",5,5,0
182000,73.87764893937856,1398,1.2216103076934814,-11.641273498535156,0.00837070494890213,11.666728973388672,9.912932208579742,"runs\SAC_enc256\chkpts\2026-04-20-05_58_38.pt",3,3,0
183000,75.35434063998983,1399,0.8219466209411621,-12.438690185546875,0.008380725979804993,12.46373462677002,9.917236776218111,"runs\SAC_enc256\chkpts\2026-04-20-06_00_10.pt",1,1,0
184000,72.06098225237801,1404,1.2476351261138916,-12.095758438110352,0.008231053128838539,12.119359970092773,9.91850451412517,"runs\SAC_enc256\chkpts\2026-04-20-06_01_49.pt",5,5,0
185000,68.39141774671153,1408,1.088493824005127,-12.262962341308594,0.008258659392595291,12.286652565002441,9.920568777786018,"runs\SAC_enc256\chkpts\2026-04-20-06_03_26.pt",4,4,0
186000,66.3870982802473,1410,1.3191490173339844,-12.58114242553711,0.00807877629995346,12.602716445922852,9.924391194552557,"runs\SAC_enc256\chkpts\2026-04-20-06_04_59.pt",2,2,0
187000,63.008829524274915,1412,0.7590042948722839,-12.61718463897705,0.008021814748644829,12.643259048461914,9.928054194646503,"runs\SAC_enc256\chkpts\2026-04-20-06_06_33.pt",2,2,0
188000,76.66093063903972,1414,0.6766164898872375,-12.384590148925781,0.008306922391057014,12.410877227783203,9.931537443122707,"runs\SAC_enc256\chkpts\2026-04-20-06_08_07.pt",2,1,0
189000,77.15060703409836,1415,0.7867109179496765,-12.201698303222656,0.008301113732159138,12.228922843933105,9.936206590432535,"runs\SAC_enc256\chkpts\2026-04-20-06_09_39.pt",1,1,0
190000,86.87653344292194,1417,0.4538356363773346,-12.982336044311523,0.00824731308966875,13.002290725708008,9.938706126060525,"runs\SAC_enc256\chkpts\2026-04-20-06_11_15.pt",2,1,0
191000,78.84809735678137,1420,0.9236816763877869,-12.51038646697998,0.008065062575042248,12.53475570678711,9.941626121309856,"runs\SAC_enc256\chkpts\2026-04-20-06_12_50.pt",3,3,0
192000,83.79352262448519,1421,0.6212295889854431,-13.42578125,0.008070428855717182,13.451480865478516,9.946177595071049,"runs\SAC_enc256\chkpts\2026-04-20-06_14_22.pt",1,1,0
193000,90.31046741884202,1422,0.6536601185798645,-12.58572769165039,0.00820181705057621,12.6079740524292,9.95019154790123,"runs\SAC_enc256\chkpts\2026-04-20-06_15_54.pt",1,0,0
194000,96.7394430638291,1424,0.8282244205474854,-13.07441234588623,0.008059837855398655,13.099821090698242,9.95393464117956,"runs\SAC_enc256\chkpts\2026-04-20-06_17_28.pt",2,2,0
195000,105.29632327528671,1425,1.2253607511520386,-12.386703491210938,0.008006574586033821,12.410144805908203,9.95792690289767,"runs\SAC_enc256\chkpts\2026-04-20-06_19_00.pt",1,0,0
196000,106.14122679214924,1427,1.9368584156036377,-12.607159614562988,0.00779614457860589,12.629583358764648,9.961099688874894,"runs\SAC_enc256\chkpts\2026-04-20-06_20_34.pt",2,1,0
197000,112.08251183126121,1429,0.7986594438552856,-12.880413055419922,0.007695798762142658,12.903955459594727,9.964728070092935,"runs\SAC_enc256\chkpts\2026-04-20-06_22_08.pt",2,2,0
198000,115.78678150735796,1430,1.6354601383209229,-13.272218704223633,0.007493443321436644,13.292243957519531,9.968612929685214,"runs\SAC_enc256\chkpts\2026-04-20-06_23_40.pt",1,0,0
199000,116.64072468094528,1431,0.8850324153900146,-12.979706764221191,0.007499867118895054,13.003753662109375,9.972625172713828,"runs\SAC_enc256\chkpts\2026-04-20-06_25_12.pt",1,1,0
200000,126.17483783299103,1432,0.7162477374076843,-13.3533935546875,0.00784462969750166,13.376564025878906,9.976363792413435,"runs\SAC_enc256\chkpts\2026-04-20-06_26_45.pt",1,0,0
201000,126.45188578926027,1433,1.2269506454467773,-13.525542259216309,0.007945220917463303,13.54974365234375,9.980412455502847,"runs\SAC_enc256\chkpts\2026-04-20-06_28_17.pt",1,1,0
202000,130.14701804704964,1435,0.4215211272239685,-13.648879051208496,0.00790877640247345,13.67447280883789,9.98331800500234,"runs\SAC_enc256\chkpts\2026-04-20-06_29_52.pt",2,1,0
203000,127.81001207940281,1437,0.28999483585357666,-13.473165512084961,0.007946562953293324,13.497947692871094,9.986505408805769,"runs\SAC_enc256\chkpts\2026-04-20-06_31_25.pt",2,2,0
204000,128.37004925543442,1440,0.9037479162216187,-13.754779815673828,0.00795602984726429,13.777923583984375,9.988956521029074,"runs\SAC_enc256\chkpts\2026-04-20-06_33_00.pt",3,3,0
205000,131.65221137804912,1441,1.5544242858886719,-13.626606941223145,0.007923508062958717,13.648338317871094,9.99255005925613,"runs\SAC_enc256\chkpts\2026-04-20-06_34_33.pt",1,0,0
206000,131.86321137119086,1442,1.8489623069763184,-13.845230102539062,0.007808455266058445,13.870256423950195,9.995959719518547,"runs\SAC_enc256\chkpts\2026-04-20-06_36_06.pt",1,0,0
207000,129.45416443999858,1443,1.1850285530090332,-13.33725643157959,0.007567727006971836,13.358990669250488,10.001075761635173,"runs\SAC_enc256\chkpts\2026-04-20-06_37_36.pt",1,1,0
208000,134.36245701536535,1444,1.2908062934875488,-13.971190452575684,0.007414933759719133,13.994649887084961,10.005650267186175,"runs\SAC_enc256\chkpts\2026-04-20-06_39_06.pt",1,0,0
209000,133.46395699111744,1445,2.12200665473938,-13.85152816772461,0.007243336644023657,13.87464427947998,10.010096169544788,"runs\SAC_enc256\chkpts\2026-04-20-06_40_37.pt",1,0,0
210000,131.57762927254663,1448,0.6359349489212036,-14.200675964355469,0.007558909244835377,14.22382926940918,10.012979667666752,"runs\SAC_enc256\chkpts\2026-04-20-06_42_11.pt",3,2,0
211000,134.51440377868713,1449,0.8164705634117126,-13.747276306152344,0.007454302161931992,13.769598007202148,10.017307553858155,"runs\SAC_enc256\chkpts\2026-04-20-06_43_41.pt",1,0,0
212000,130.4731108924374,1450,0.8713455200195312,-14.169060707092285,0.007484134286642075,14.191948890686035,10.021652795617694,"runs\SAC_enc256\chkpts\2026-04-20-06_45_12.pt",1,1,0
213000,131.2197391048074,1452,1.0937607288360596,-14.136893272399902,0.007377089001238346,14.157108306884766,10.024902561737122,"runs\SAC_enc256\chkpts\2026-04-20-06_46_45.pt",2,1,0
214000,130.98519116705285,1453,2.0783181190490723,-13.822834014892578,0.007412155158817768,13.842414855957031,10.02835983183025,"runs\SAC_enc256\chkpts\2026-04-20-06_48_17.pt",1,0,0
215000,131.57669118037447,1454,0.6738325357437134,-14.063775062561035,0.007258030120283365,14.086546897888184,10.031160612579615,"runs\SAC_enc256\chkpts\2026-04-20-06_49_51.pt",1,0,0
216000,132.2102514195256,1456,0.6168063282966614,-13.99808406829834,0.006979803089052439,14.020406723022461,10.033202585623307,"runs\SAC_enc256\chkpts\2026-04-20-06_51_26.pt",2,1,0
217000,136.2939953318797,1457,0.5991054177284241,-14.063549041748047,0.007187564391642809,14.084162712097168,10.036441270153148,"runs\SAC_enc256\chkpts\2026-04-20-06_52_59.pt",1,1,0
218000,135.76485897069796,1460,1.3124074935913086,-14.10350227355957,0.007244590204209089,14.126331329345703,10.03834646748763,"runs\SAC_enc256\chkpts\2026-04-20-06_54_34.pt",3,3,0
219000,123.40849466538057,1462,1.138596534729004,-14.010808944702148,0.007255729287862778,14.031675338745117,10.041116893354534,"runs\SAC_enc256\chkpts\2026-04-20-06_56_08.pt",2,2,0
220000,130.29355909740553,1463,2.145425319671631,-14.504719734191895,0.007343553937971592,14.527920722961426,10.044285606352334,"runs\SAC_enc256\chkpts\2026-04-20-06_57_41.pt",1,0,0
221000,124.21284309979528,1465,0.5588955879211426,-14.683838844299316,0.0073587847873568535,14.707332611083984,10.046513385893467,"runs\SAC_enc256\chkpts\2026-04-20-06_59_15.pt",2,1,0
222000,127.14692376591265,1467,2.2215521335601807,-14.81147575378418,0.007481244392693043,14.834342956542969,10.04796192516629,"runs\SAC_enc256\chkpts\2026-04-20-07_00_52.pt",2,1,0
223000,134.6582489115186,1468,0.9610810875892639,-14.49346923828125,0.007414611987769604,14.517032623291016,10.051089478240756,"runs\SAC_enc256\chkpts\2026-04-20-07_02_24.pt",1,0,0
224000,127.96362121338025,1470,0.6945576667785645,-14.394747734069824,0.007392029277980328,14.41981315612793,10.053594430972229,"runs\SAC_enc256\chkpts\2026-04-20-07_03_58.pt",2,2,0
225000,127.46562120616436,1471,1.984535574913025,-15.489264488220215,0.007298538461327553,15.513448715209961,10.056075314131819,"runs\SAC_enc256\chkpts\2026-04-20-07_05_32.pt",1,0,0
226000,133.65154979731886,1472,1.0664737224578857,-14.726638793945312,0.007554567418992519,14.750696182250977,10.058837194609291,"runs\SAC_enc256\chkpts\2026-04-20-07_07_06.pt",1,0,0
227000,119.6009002249688,1474,1.110849380493164,-15.023605346679688,0.007595632690936327,15.04951286315918,10.06128897669865,"runs\SAC_enc256\chkpts\2026-04-20-07_08_39.pt",2,2,0
228000,115.82408106289805,1475,1.345865249633789,-15.130609512329102,0.007386395707726479,15.155519485473633,10.064132143465235,"runs\SAC_enc256\chkpts\2026-04-20-07_10_12.pt",1,1,0
229000,123.14655307354406,1476,0.9659119844436646,-15.03750228881836,0.007255725562572479,15.05894660949707,10.066784793949036,"runs\SAC_enc256\chkpts\2026-04-20-07_11_46.pt",1,0,0
230000,118.9347790952772,1478,1.309347152709961,-15.23029899597168,0.007103196810930967,15.251081466674805,10.06900545753283,"runs\SAC_enc256\chkpts\2026-04-20-07_13_20.pt",2,1,0
231000,125.50498634474351,1479,0.42130035161972046,-15.511711120605469,0.007007943000644445,15.532146453857422,10.071821339014502,"runs\SAC_enc256\chkpts\2026-04-20-07_14_53.pt",1,0,0
232000,134.70496092801915,1480,0.7331364154815674,-15.441923141479492,0.006925396621227264,15.463289260864258,10.074652665180428,"runs\SAC_enc256\chkpts\2026-04-20-07_16_26.pt",1,0,0
233000,141.7461956844665,1482,0.6291979551315308,-15.078938484191895,0.007042732555419207,15.098916053771973,10.077009249243716,"runs\SAC_enc256\chkpts\2026-04-20-07_18_00.pt",2,1,0
234000,132.11720155822113,1484,0.5163055062294006,-15.29068374633789,0.006801883224397898,15.30866813659668,10.079763437079393,"runs\SAC_enc256\chkpts\2026-04-20-07_19_33.pt",2,2,0
235000,136.87406632173807,1485,1.3194942474365234,-15.777411460876465,0.006729229353368282,15.797380447387695,10.083004439662256,"runs\SAC_enc256\chkpts\2026-04-20-07_21_04.pt",1,1,0
236000,142.5061950522475,1487,0.7960293292999268,-15.342391967773438,0.006807240191847086,15.363004684448242,10.0850553683531,"runs\SAC_enc256\chkpts\2026-04-20-07_22_39.pt",2,1,0
237000,140.9125380988233,1489,1.3406975269317627,-15.788848876953125,0.006772073917090893,15.812177658081055,10.087499880920092,"runs\SAC_enc256\chkpts\2026-04-20-07_24_12.pt",2,2,0
238000,133.84928609561175,1491,1.2511687278747559,-15.751199722290039,0.006735258270055056,15.770793914794922,10.089875237449679,"runs\SAC_enc256\chkpts\2026-04-20-07_25_46.pt",2,2,0
239000,134.55028611402957,1492,0.8837578296661377,-15.914859771728516,0.006620421074330807,15.93333625793457,10.092587487602897,"runs\SAC_enc256\chkpts\2026-04-20-07_27_19.pt",1,0,0
240000,134.05849120514466,1495,0.623354434967041,-15.908927917480469,0.006509851664304733,15.926679611206055,10.094192504685273,"runs\SAC_enc256\chkpts\2026-04-20-07_28_54.pt",3,3,0
241000,123.70804048534482,1497,1.107532024383545,-15.522262573242188,0.006570050492882729,15.54288387298584,10.096594089840487,"runs\SAC_enc256\chkpts\2026-04-20-07_30_27.pt",2,2,0
242000,128.64821193264797,1498,0.3794793486595154,-15.345365524291992,0.006461107637733221,15.364110946655273,10.099479401722013,"runs\SAC_enc256\chkpts\2026-04-20-07_31_59.pt",1,1,0
243000,130.32471193578095,1499,2.268019676208496,-15.861138343811035,0.006389290560036898,15.878253936767578,10.10190701223584,"runs\SAC_enc256\chkpts\2026-04-20-07_33_33.pt",1,0,0
244000,126.16406584223732,1501,2.8662948608398438,-16.01592254638672,0.006372871808707714,16.03705596923828,10.104087450798444,"runs\SAC_enc256\chkpts\2026-04-20-07_35_06.pt",2,2,0
245000,132.97369541954248,1502,0.5211048126220703,-16.097335815429688,0.006274329964071512,16.114892959594727,10.10681287187641,"runs\SAC_enc256\chkpts\2026-04-20-07_36_39.pt",1,0,0
246000,136.19993184348567,1503,1.4908170700073242,-15.760063171386719,0.006341183092445135,15.778005599975586,10.10942132360857,"runs\SAC_enc256\chkpts\2026-04-20-07_38_12.pt",1,0,0
247000,126.06796189425513,1506,2.260028839111328,-15.98655891418457,0.006349776405841112,16.004804611206055,10.110970921995554,"runs\SAC_enc256\chkpts\2026-04-20-07_39_47.pt",3,3,0
248000,128.70731113152578,1507,0.38718321919441223,-16.06751251220703,0.0063632335513830185,16.08452606201172,10.113401080409542,"runs\SAC_enc256\chkpts\2026-04-20-07_41_20.pt",1,0,0
249000,125.1578547688201,1510,1.2513360977172852,-16.238372802734375,0.006189341656863689,16.259502410888672,10.114983844264122,"runs\SAC_enc256\chkpts\2026-04-20-07_42_55.pt",3,3,0
250000,105.13811342082917,1516,0.5732020139694214,-16.009410858154297,0.006264461670070887,16.029151916503906,10.114467143740056,"runs\SAC_enc256\chkpts\2026-04-20-07_44_35.pt",6,6,0
251000,76.1518100948073,1521,0.566277027130127,-16.4166202545166,0.006292024627327919,16.4359188079834,10.114624883459133,"runs\SAC_enc256\chkpts\2026-04-20-07_46_13.pt",5,5,0
252000,75.21017566015944,1522,0.8342594504356384,-16.27654266357422,0.0064043160527944565,16.293407440185547,10.117283003172796,"runs\SAC_enc256\chkpts\2026-04-20-07_47_46.pt",1,1,0
253000,52.386877689883114,1528,1.1487412452697754,-16.258750915527344,0.0065180049277842045,16.278213500976562,10.116736854427446,"runs\SAC_enc256\chkpts\2026-04-20-07_49_26.pt",6,6,0
254000,50.156830745749176,1530,0.4287225008010864,-16.583412170410156,0.006679661106318235,16.60134506225586,10.118777938108796,"runs\SAC_enc256\chkpts\2026-04-20-07_51_00.pt",2,2,0
255000,61.11615285389125,1533,3.5813827514648438,-16.119003295898438,0.006446901708841324,16.13832664489746,10.120847002160481,"runs\SAC_enc256\chkpts\2026-04-20-07_52_33.pt",3,3,0
256000,64.61743781939148,1537,0.5006512403488159,-16.623538970947266,0.006433469243347645,16.642669677734375,10.122654371630063,"runs\SAC_enc256\chkpts\2026-04-20-07_54_08.pt",4,4,0
257000,68.24884553058072,1540,1.7586911916732788,-16.556304931640625,0.006279118824750185,16.573333740234375,10.12504871409417,"runs\SAC_enc256\chkpts\2026-04-20-07_55_40.pt",3,3,0
258000,65.02453286750242,1543,1.0450979471206665,-16.43028450012207,0.006101510487496853,16.448837280273438,10.127520526705869,"runs\SAC_enc256\chkpts\2026-04-20-07_57_13.pt",3,3,0
259000,73.01703553646803,1545,1.5323609113693237,-16.863759994506836,0.0061928099021315575,16.884483337402344,10.130558397542154,"runs\SAC_enc256\chkpts\2026-04-20-07_58_44.pt",2,2,0
260000,77.86653856355697,1548,1.1722419261932373,-16.592418670654297,0.006210843566805124,16.612056732177734,10.132865067686346,"runs\SAC_enc256\chkpts\2026-04-20-08_00_17.pt",3,3,0
261000,80.61024573063477,1550,1.2832986116409302,-16.621347427368164,0.006041993852704763,16.63758087158203,10.135857731010747,"runs\SAC_enc256\chkpts\2026-04-20-08_01_48.pt",2,2,0
262000,76.99746746895835,1552,0.5967626571655273,-15.946817398071289,0.005830684211105108,15.963846206665039,10.13870831968353,"runs\SAC_enc256\chkpts\2026-04-20-08_03_19.pt",2,2,0
263000,83.0851050214842,1554,0.4472607672214508,-16.697078704833984,0.005853611044585705,16.711952209472656,10.141351243827723,"runs\SAC_enc256\chkpts\2026-04-20-08_04_51.pt",2,1,0
264000,88.35433007013053,1557,1.708120584487915,-16.46623992919922,0.005723102483898401,16.487380981445312,10.14362158032362,"runs\SAC_enc256\chkpts\2026-04-20-08_06_24.pt",3,3,0
265000,94.0275504511781,1559,0.6196857690811157,-16.85605239868164,0.005756995175033808,16.873497009277344,10.146500106679945,"runs\SAC_enc256\chkpts\2026-04-20-08_07_55.pt",2,2,0
266000,95.5297935768962,1562,0.9246308207511902,-16.629596710205078,0.005715182516723871,16.65013885498047,10.148736639248646,"runs\SAC_enc256\chkpts\2026-04-20-08_09_28.pt",3,3,0
267000,85.93781028809026,1566,1.8689980506896973,-16.43881607055664,0.005544871091842651,16.45383644104004,10.149599514171456,"runs\SAC_enc256\chkpts\2026-04-20-08_11_04.pt",4,4,0
268000,87.51797282174229,1569,1.8597989082336426,-16.448537826538086,0.005328380968421698,16.467021942138672,10.151297853416876,"runs\SAC_enc256\chkpts\2026-04-20-08_12_38.pt",3,3,0
269000,85.21509747412055,1572,1.7884531021118164,-16.918190002441406,0.005262335296720266,16.934326171875,10.152892573774833,"runs\SAC_enc256\chkpts\2026-04-20-08_14_13.pt",3,3,0
270000,83.28480246867984,1574,1.009472370147705,-16.67098617553711,0.005177509970963001,16.685161590576172,10.154645942571255,"runs\SAC_enc256\chkpts\2026-04-20-08_15_47.pt",2,1,0
271000,79.9572411048226,1577,2.208890914916992,-16.565351486206055,0.0051069301553070545,16.580467224121094,10.155784808109463,"runs\SAC_enc256\chkpts\2026-04-20-08_17_22.pt",3,3,0
272000,61.07724077021703,1583,0.4231885075569153,-16.653179168701172,0.00507942121475935,16.668251037597656,10.155286057518207,"runs\SAC_enc256\chkpts\2026-04-20-08_19_02.pt",6,6,0
273000,57.94733588714153,1588,2.658090353012085,-16.923213958740234,0.0052683730609714985,16.941635131835938,10.155302575644134,"runs\SAC_enc256\chkpts\2026-04-20-08_20_40.pt",5,5,0
274000,58.757395344041285,1589,1.0810070037841797,-16.946535110473633,0.005328081082552671,16.96337127685547,10.157773755224763,"runs\SAC_enc256\chkpts\2026-04-20-08_22_12.pt",1,1,0
275000,67.04176259832457,1591,0.49117329716682434,-16.640274047851562,0.005485534202307463,16.657108306884766,10.159286963408892,"runs\SAC_enc256\chkpts\2026-04-20-08_23_47.pt",2,1,0
276000,78.06559521229937,1592,1.888329267501831,-17.466020584106445,0.005537689197808504,17.483623504638672,10.161565419881525,"runs\SAC_enc256\chkpts\2026-04-20-08_25_19.pt",1,1,0
277000,74.62099454291165,1594,1.2551745176315308,-17.092578887939453,0.0054593924432992935,17.108049392700195,10.163409089363311,"runs\SAC_enc256\chkpts\2026-04-20-08_26_52.pt",2,2,0
278000,79.13830544166267,1596,1.578554391860962,-17.200281143188477,0.005387602839618921,17.21460723876953,10.165168167300942,"runs\SAC_enc256\chkpts\2026-04-20-08_28_26.pt",2,2,0
279000,86.81720758667215,1599,2.657257080078125,-16.962108612060547,0.005309463012963533,16.980178833007812,10.166306099673996,"runs\SAC_enc256\chkpts\2026-04-20-08_30_01.pt",3,3,0
280000,91.34481970043853,1600,1.6442322731018066,-16.890125274658203,0.005281090270727873,16.905529022216797,10.168697087334538,"runs\SAC_enc256\chkpts\2026-04-20-08_31_33.pt",1,1,0
281000,100.53122493494303,1602,1.7667176723480225,-17.22756576538086,0.005200580228120089,17.241493225097656,10.170384385405004,"runs\SAC_enc256\chkpts\2026-04-20-08_33_07.pt",2,2,0
282000,111.29874167675152,1604,0.784451425075531,-17.431636810302734,0.005128451157361269,17.446992874145508,10.17213487687106,"runs\SAC_enc256\chkpts\2026-04-20-08_34_41.pt",2,2,0
283000,109.95659551257268,1609,1.502606749534607,-17.383769989013672,0.005151799414306879,17.4012451171875,10.172155911374812,"runs\SAC_enc256\chkpts\2026-04-20-08_36_19.pt",5,5,0
284000,98.1571910455823,1611,0.5090486407279968,-17.400360107421875,0.005272658541798592,17.41381072998047,10.17394618710116,"runs\SAC_enc256\chkpts\2026-04-20-08_37_52.pt",2,2,0
285000,82.24346492206678,1615,0.6258077025413513,-17.28366470336914,0.005046121310442686,17.29806137084961,10.174594510712778,"runs\SAC_enc256\chkpts\2026-04-20-08_39_29.pt",4,4,0
286000,85.3485596052371,1617,3.6145548820495605,-16.865690231323242,0.005035297479480505,16.881168365478516,10.176041791018369,"runs\SAC_enc256\chkpts\2026-04-20-08_41_03.pt",2,2,0
287000,76.73200382301584,1621,0.6274447441101074,-17.19426727294922,0.005112663377076387,17.209354400634766,10.176559121615686,"runs\SAC_enc256\chkpts\2026-04-20-08_42_40.pt",4,4,0
288000,66.59109659884125,1624,1.7097952365875244,-16.839378356933594,0.005198430735617876,16.852022171020508,10.177620420934728,"runs\SAC_enc256\chkpts\2026-04-20-08_44_15.pt",3,3,0
289000,77.09265256449581,1626,0.6334821581840515,-17.138702392578125,0.005082512740045786,17.153160095214844,10.179198514010334,"runs\SAC_enc256\chkpts\2026-04-20-08_45_49.pt",2,2,0
290000,77.66651841439307,1629,0.3990175426006317,-17.019468307495117,0.005053739994764328,17.033756256103516,10.180357727524953,"runs\SAC_enc256\chkpts\2026-04-20-08_47_24.pt",3,3,0
291000,77.84977647904307,1631,2.369213581085205,-17.365798950195312,0.005027447827160358,17.37775993347168,10.181920195668473,"runs\SAC_enc256\chkpts\2026-04-20-08_48_58.pt",2,2,0
292000,89.0070116020739,1633,1.1985658407211304,-17.16747283935547,0.004696489777415991,17.18288803100586,10.183351110291776,"runs\SAC_enc256\chkpts\2026-04-20-08_50_32.pt",2,1,0
293000,96.45834719995037,1634,0.982478678226471,-17.333011627197266,0.004644014406949282,17.34726333618164,10.185230993906991,"runs\SAC_enc256\chkpts\2026-04-20-08_52_05.pt",1,0,0
294000,95.02962293494492,1636,0.6513255834579468,-16.942672729492188,0.004715158604085445,16.958148956298828,10.186859214894762,"runs\SAC_enc256\chkpts\2026-04-20-08_53_38.pt",2,2,0
295000,91.94627320850267,1640,1.4777894020080566,-17.401926040649414,0.004880920052528381,17.41791534423828,10.187504354273722,"runs\SAC_enc256\chkpts\2026-04-20-08_55_15.pt",4,4,0
296000,92.4733099703677,1641,1.1100529432296753,-17.615196228027344,0.004849864635616541,17.632509231567383,10.189684619765183,"runs\SAC_enc256\chkpts\2026-04-20-08_56_47.pt",1,1,0
297000,103.83111507268623,1643,4.355889320373535,-17.904502868652344,0.004999532829970121,17.918685913085938,10.191046778128644,"runs\SAC_enc256\chkpts\2026-04-20-08_58_21.pt",2,1,0
298000,95.85924818357452,1647,0.5768201947212219,-17.701934814453125,0.005053140223026276,17.720308303833008,10.19150872778023,"runs\SAC_enc256\chkpts\2026-04-20-08_59_58.pt",4,4,0
299000,94.96835187608376,1650,0.6924055218696594,-17.894411087036133,0.005009105894714594,17.912281036376953,10.192571557366808,"runs\SAC_enc256\chkpts\2026-04-20-09_01_33.pt",3,3,0
300000,87.27242725035175,1653,0.5689875483512878,-17.456607818603516,0.005023240111768246,17.47217559814453,10.193616194871526,"runs\SAC_enc256\chkpts\2026-04-20-09_03_08.pt",3,3,0
301000,81.10574364522472,1654,1.0841964483261108,-17.532917022705078,0.005026297178119421,17.54665756225586,10.195727464692215,"runs\SAC_enc256\chkpts\2026-04-20-09_04_40.pt",1,1,0
302000,89.55531746884807,1656,2.0829787254333496,-17.842342376708984,0.00502906134352088,17.856769561767578,10.197017621573563,"runs\SAC_enc256\chkpts\2026-04-20-09_06_14.pt",2,1,0
303000,91.74820944247767,1660,1.9359644651412964,-17.666324615478516,0.005049868952482939,17.68117904663086,10.198055488033559,"runs\SAC_enc256\chkpts\2026-04-20-09_07_49.pt",4,4,0
304000,85.46636556098238,1662,0.5823686122894287,-17.400732040405273,0.004836479667574167,17.41531753540039,10.200378325275802,"runs\SAC_enc256\chkpts\2026-04-20-09_09_21.pt",2,2,0
305000,90.9307173775509,1663,1.1514582633972168,-17.55678367614746,0.004854737315326929,17.571414947509766,10.202474110906,"runs\SAC_enc256\chkpts\2026-04-20-09_10_52.pt",1,0,0
306000,93.50857985569164,1665,0.9252051711082458,-18.13818359375,0.004940136801451445,18.151037216186523,10.204255964123625,"runs\SAC_enc256\chkpts\2026-04-20-09_12_25.pt",2,1,0
307000,93.26485372325405,1669,1.2270798683166504,-17.42844581604004,0.0047329384833574295,17.442052841186523,10.205186405373048,"runs\SAC_enc256\chkpts\2026-04-20-09_14_01.pt",4,4,0
308000,94.65076392972841,1670,1.1462763547897339,-17.432619094848633,0.0046780165284872055,17.446266174316406,10.207453478415761,"runs\SAC_enc256\chkpts\2026-04-20-09_15_32.pt",1,1,0
309000,97.35488624256104,1673,1.3109195232391357,-17.850915908813477,0.004775703884661198,17.869373321533203,10.208179813674079,"runs\SAC_enc256\chkpts\2026-04-20-09_17_08.pt",3,2,0
310000,89.44880154943094,1676,2.607062339782715,-17.748966217041016,0.004899815656244755,17.766361236572266,10.209398382607455,"runs\SAC_enc256\chkpts\2026-04-20-09_18_42.pt",3,3,0
311000,92.91647306261584,1677,1.1961654424667358,-17.954486846923828,0.004896610975265503,17.967378616333008,10.21166341681399,"runs\SAC_enc256\chkpts\2026-04-20-09_20_13.pt",1,1,0
312000,93.43137194262818,1681,0.9840840101242065,-17.94879722595215,0.004823402035981417,17.961437225341797,10.212218806703193,"runs\SAC_enc256\chkpts\2026-04-20-09_21_49.pt",4,4,0
313000,91.35805933140219,1682,0.694607138633728,-18.13387680053711,0.004675636999309063,18.149282455444336,10.21422845086706,"runs\SAC_enc256\chkpts\2026-04-20-09_23_21.pt",1,1,0
314000,87.99241468878463,1684,0.6122072339057922,-18.120590209960938,0.004655084107071161,18.13213348388672,10.214701939740339,"runs\SAC_enc256\chkpts\2026-04-20-09_24_58.pt",2,1,0
315000,97.59503350034356,1685,1.0588781833648682,-17.753787994384766,0.00462278863415122,17.76779556274414,10.216296832201111,"runs\SAC_enc256\chkpts\2026-04-20-09_26_31.pt",1,0,0
316000,101.60002393927425,1687,0.8096010684967041,-17.979312896728516,0.004641990642994642,17.99125099182129,10.217621693182291,"runs\SAC_enc256\chkpts\2026-04-20-09_28_05.pt",2,2,0
317000,107.05915680667385,1690,0.4925975799560547,-18.22115135192871,0.004738484974950552,18.235614776611328,10.21836218570656,"runs\SAC_enc256\chkpts\2026-04-20-09_29_40.pt",3,3,0
318000,107.46315682753921,1691,2.1507227420806885,-17.823345184326172,0.004608243238180876,17.837196350097656,10.21997190177485,"runs\SAC_enc256\chkpts\2026-04-20-09_31_13.pt",1,0,0
319000,102.45275970418007,1694,0.9445220828056335,-18.60049057006836,0.004495611879974604,18.61328125,10.220748571631527,"runs\SAC_enc256\chkpts\2026-04-20-09_32_49.pt",3,3,0
320000,105.58606459759176,1696,0.6094983816146851,-18.259191513061523,0.00442262040451169,18.270864486694336,10.222149242538475,"runs\SAC_enc256\chkpts\2026-04-20-09_34_22.pt",2,2,0
321000,107.0478168132715,1699,1.5790224075317383,-18.192832946777344,0.004365504719316959,18.207319259643555,10.223003178246826,"runs\SAC_enc256\chkpts\2026-04-20-09_35_58.pt",3,3,0
322000,115.84787305900826,1700,2.0620968341827393,-17.740703582763672,0.004439938347786665,17.754892349243164,10.224454033590108,"runs\SAC_enc256\chkpts\2026-04-20-09_37_31.pt",1,0,0
323000,110.11991876829416,1703,1.2066271305084229,-18.495758056640625,0.004430347587913275,18.508466720581055,10.225298729334384,"runs\SAC_enc256\chkpts\2026-04-20-09_39_06.pt",3,3,0
324000,104.57849649777636,1704,1.1210553646087646,-17.91381072998047,0.0046118879690766335,17.92678451538086,10.226916919087696,"runs\SAC_enc256\chkpts\2026-04-20-09_40_39.pt",1,1,0
325000,101.09934404511004,1707,0.5662567615509033,-18.53094482421875,0.004703497514128685,18.54549789428711,10.227522758516665,"runs\SAC_enc256\chkpts\2026-04-20-09_42_15.pt",3,2,0
326000,99.30498405713588,1710,3.505746841430664,-18.091102600097656,0.0047012013383209705,18.105159759521484,10.228276084269014,"runs\SAC_enc256\chkpts\2026-04-20-09_43_50.pt",3,3,0
327000,99.84122501201928,1712,1.3809020519256592,-17.755756378173828,0.0047365534119307995,17.76873779296875,10.229492040185423,"runs\SAC_enc256\chkpts\2026-04-20-09_45_24.pt",2,2,0
328000,102.80850602518767,1714,1.946211576461792,-18.22467041015625,0.004620483610779047,18.23729133605957,10.230836081586896,"runs\SAC_enc256\chkpts\2026-04-20-09_46_58.pt",2,2,0
329000,95.86781679205596,1718,2.354701042175293,-17.84840965270996,0.004512503277510405,17.860424041748047,10.230882186327735,"runs\SAC_enc256\chkpts\2026-04-20-09_48_35.pt",4,4,0
330000,90.54181983368471,1720,0.5780842304229736,-17.87158203125,0.004436389543116093,17.885292053222656,10.231861014878323,"runs\SAC_enc256\chkpts\2026-04-20-09_50_10.pt",2,1,0
331000,99.06189541183412,1721,1.6984144449234009,-17.87921905517578,0.004236310254782438,17.890939712524414,10.233361567939472,"runs\SAC_enc256\chkpts\2026-04-20-09_51_43.pt",1,0,0
332000,97.94517528545111,1722,1.1271946430206299,-17.97897720336914,0.004383077844977379,17.9913272857666,10.23510597830476,"runs\SAC_enc256\chkpts\2026-04-20-09_53_15.pt",1,1,0
333000,102.20504591912031,1723,0.7254254817962646,-17.696462631225586,0.004314850550144911,17.709205627441406,10.236582796895922,"runs\SAC_enc256\chkpts\2026-04-20-09_54_48.pt",1,0,0
334000,102.7375672897324,1727,1.4001789093017578,-18.22217559814453,0.004337244667112827,18.234359741210938,10.236635845262112,"runs\SAC_enc256\chkpts\2026-04-20-09_56_26.pt",4,3,0
335000,91.28937876457348,1731,0.416532039642334,-18.016374588012695,0.004344905726611614,18.028255462646484,10.236954680259137,"runs\SAC_enc256\chkpts\2026-04-20-09_58_02.pt",4,4,0
336000,97.86826374605297,1732,0.6279903650283813,-17.33363914489746,0.004305156413465738,17.347003936767578,10.238320385439572,"runs\SAC_enc256\chkpts\2026-04-20-09_59_36.pt",1,0,0
337000,92.34770257314668,1736,2.4230599403381348,-18.50251007080078,0.00435643782839179,18.516292572021484,10.238504818126598,"runs\SAC_enc256\chkpts\2026-04-20-10_01_13.pt",4,4,0
338000,92.69569973573088,1737,1.724601149559021,-17.959928512573242,0.004164372570812702,17.97309112548828,10.240195048241773,"runs\SAC_enc256\chkpts\2026-04-20-10_02_45.pt",1,1,0
339000,91.99377512233332,1739,1.7410814762115479,-18.23293685913086,0.004219413734972477,18.243549346923828,10.241122633682773,"runs\SAC_enc256\chkpts\2026-04-20-10_04_20.pt",2,1,0
340000,101.53910463675857,1740,0.9340497255325317,-18.344491958618164,0.004137507174164057,18.35549545288086,10.24264104341395,"runs\SAC_enc256\chkpts\2026-04-20-10_05_52.pt",1,0,0
341000,104.58355808248743,1742,0.8936428427696228,-18.365760803222656,0.004069528542459011,18.375965118408203,10.243705967577663,"runs\SAC_enc256\chkpts\2026-04-20-10_07_27.pt",2,1,0
342000,105.20455807289109,1743,2.087080955505371,-18.041831970214844,0.004157164599746466,18.054908752441406,10.245198940109802,"runs\SAC_enc256\chkpts\2026-04-20-10_08_59.pt",1,0,0
343000,107.46337523767724,1746,1.027787685394287,-18.20736312866211,0.004233303479850292,18.219501495361328,10.245531356384717,"runs\SAC_enc256\chkpts\2026-04-20-10_10_36.pt",3,3,0
344000,113.76189768789337,1747,1.6305195093154907,-18.313091278076172,0.004207451827824116,18.326751708984375,10.247118028094471,"runs\SAC_enc256\chkpts\2026-04-20-10_12_08.pt",1,0,0
345000,115.46722258748487,1748,2.8183324337005615,-18.039974212646484,0.004153998102992773,18.05097198486328,10.248792063548901,"runs\SAC_enc256\chkpts\2026-04-20-10_13_40.pt",1,1,0
346000,124.88331174477935,1749,1.9916757345199585,-18.050992965698242,0.004114696290344,18.064613342285156,10.250236528112596,"runs\SAC_enc256\chkpts\2026-04-20-10_15_13.pt",1,0,0
347000,137.0074145846069,1751,1.6555781364440918,-18.254148483276367,0.004087026696652174,18.267271041870117,10.251184908795715,"runs\SAC_enc256\chkpts\2026-04-20-10_16_48.pt",2,1,0
348000,132.72274791710078,1754,1.4789234399795532,-18.3642578125,0.00410006009042263,18.37480926513672,10.251785111853836,"runs\SAC_enc256\chkpts\2026-04-20-10_18_23.pt",3,3,0
349000,137.3026120563969,1756,0.4371751844882965,-18.23792266845703,0.004118423908948898,18.250202178955078,10.252882545619798,"runs\SAC_enc256\chkpts\2026-04-20-10_19_57.pt",2,2,0
350000,108.7281595442444,1761,0.9930539131164551,-18.10704803466797,0.003998262342065573,18.11773109436035,10.252670716905534,"runs\SAC_enc256\chkpts\2026-04-20-10_21_35.pt",5,5,0
351000,107.31382634416222,1763,0.8047919273376465,-17.993209838867188,0.004007500596344471,18.00604248046875,10.253931730290521,"runs\SAC_enc256\chkpts\2026-04-20-10_23_09.pt",2,1,0
352000,109.57909282185138,1764,0.8190658688545227,-18.72325897216797,0.003994462545961142,18.734661102294922,10.256256227011782,"runs\SAC_enc256\chkpts\2026-04-20-10_24_38.pt",1,1,0
353000,105.94944400824606,1765,2.1273255348205566,-18.439407348632812,0.00406610919162631,18.451507568359375,10.258532384049799,"runs\SAC_enc256\chkpts\2026-04-20-10_26_08.pt",1,1,0
354000,113.98335021203384,1766,1.7562731504440308,-18.295867919921875,0.0040549119003117085,18.307899475097656,10.260651593671335,"runs\SAC_enc256\chkpts\2026-04-20-10_27_39.pt",1,0,0
355000,109.20399798685685,1768,1.9673089981079102,-18.556499481201172,0.0041358936578035355,18.56874656677246,10.262253959758866,"runs\SAC_enc256\chkpts\2026-04-20-10_29_11.pt",2,1,0
356000,97.57619432331994,1771,2.2102277278900146,-17.97756576538086,0.004234896041452885,17.991058349609375,10.263617295386144,"runs\SAC_enc256\chkpts\2026-04-20-10_30_43.pt",3,3,0
357000,99.48958268808201,1774,1.3001010417938232,-18.67284393310547,0.0041536930948495865,18.685667037963867,10.26500378714625,"runs\SAC_enc256\chkpts\2026-04-20-10_32_16.pt",3,3,0
358000,93.71397426361219,1779,2.751487970352173,-18.365962982177734,0.004132305737584829,18.37887191772461,10.265448878305941,"runs\SAC_enc256\chkpts\2026-04-20-10_33_52.pt",5,5,0
359000,102.31237192712724,1780,0.27903518080711365,-18.238948822021484,0.004030749201774597,18.250843048095703,10.267628077202536,"runs\SAC_enc256\chkpts\2026-04-20-10_35_22.pt",1,1,0
360000,112.07380280680954,1781,2.024352550506592,-18.667999267578125,0.004082414787262678,18.679386138916016,10.269648074574306,"runs\SAC_enc256\chkpts\2026-04-20-10_36_53.pt",1,0,0
361000,112.89370189448819,1783,0.3454684019088745,-18.21986198425293,0.004120370373129845,18.231914520263672,10.271400062520744,"runs\SAC_enc256\chkpts\2026-04-20-10_38_24.pt",2,2,0
362000,111.19622381692753,1784,1.2989026308059692,-18.299592971801758,0.00418710894882679,18.312559127807617,10.27335518982818,"runs\SAC_enc256\chkpts\2026-04-20-10_39_55.pt",1,1,0
363000,112.62562392866239,1786,1.533660888671875,-18.00541877746582,0.004291076213121414,18.022830963134766,10.274646321645209,"runs\SAC_enc256\chkpts\2026-04-20-10_41_27.pt",2,1,0
364000,94.84626909680665,1789,1.3555574417114258,-18.461437225341797,0.004224452655762434,18.47278594970703,10.275611684983078,"runs\SAC_enc256\chkpts\2026-04-20-10_43_01.pt",3,3,0
365000,87.3090032549575,1796,1.2784111499786377,-18.712562561035156,0.004333069082349539,18.72445297241211,10.27469438874318,"runs\SAC_enc256\chkpts\2026-04-20-10_44_42.pt",7,5,2
366000,88.9180268149823,1798,3.2631120681762695,-18.631107330322266,0.004322086926549673,18.64293670654297,10.27592906354037,"runs\SAC_enc256\chkpts\2026-04-20-10_46_15.pt",2,2,0
367000,71.68467204291373,1802,1.3138105869293213,-18.88968849182129,0.004192523192614317,18.900413513183594,10.276044078211504,"runs\SAC_enc256\chkpts\2026-04-20-10_47_52.pt",4,4,0
368000,74.05763998767361,1803,0.841949999332428,-18.378070831298828,0.004146645776927471,18.38906478881836,10.277229076945002,"runs\SAC_enc256\chkpts\2026-04-20-10_49_25.pt",1,1,0
369000,66.84245511898771,1808,2.181346893310547,-18.503894805908203,0.004086676053702831,18.51557731628418,10.276866442157583,"runs\SAC_enc256\chkpts\2026-04-20-10_51_04.pt",5,5,0
370000,64.75441972417757,1814,1.0310980081558228,-18.840370178222656,0.0040845368057489395,18.853919982910156,10.276125308023214,"runs\SAC_enc256\chkpts\2026-04-20-10_52_44.pt",6,6,0
371000,69.42585386494174,1817,0.7428157329559326,-18.890050888061523,0.004009582102298737,18.903493881225586,10.276737629777772,"runs\SAC_enc256\chkpts\2026-04-20-10_54_19.pt",3,3,0
372000,62.643678365834056,1819,2.1943883895874023,-18.83863067626953,0.0039475117810070515,18.848417282104492,10.27773261685227,"runs\SAC_enc256\chkpts\2026-04-20-10_55_53.pt",2,2,0
373000,65.67660138495266,1823,1.1822314262390137,-18.590322494506836,0.0037749481853097677,18.601680755615234,10.27777569964242,"runs\SAC_enc256\chkpts\2026-04-20-10_57_30.pt",4,4,0
374000,69.30346607659013,1824,0.893195629119873,-18.664600372314453,0.0036738840863108635,18.674772262573242,10.279170901825703,"runs\SAC_enc256\chkpts\2026-04-20-10_59_02.pt",1,1,0
375000,66.4325897898525,1829,1.5704779624938965,-18.742809295654297,0.003685223637148738,18.755348205566406,10.278848258945423,"runs\SAC_enc256\chkpts\2026-04-20-11_00_40.pt",5,5,0
376000,74.89484775746241,1831,2.0307388305664062,-18.715808868408203,0.003620539093390107,18.726428985595703,10.279611347261334,"runs\SAC_enc256\chkpts\2026-04-20-11_02_15.pt",2,1,0
377000,82.10498960176483,1834,0.387581467628479,-18.73561668395996,0.0036131059750914574,18.746482849121094,10.280215219688461,"runs\SAC_enc256\chkpts\2026-04-20-11_03_50.pt",3,3,0
378000,74.29455995066091,1839,1.9068310260772705,-18.38205337524414,0.003691034158691764,18.394363403320312,10.280004007809481,"runs\SAC_enc256\chkpts\2026-04-20-11_05_28.pt",5,5,0
379000,70.17316214526072,1843,1.5211091041564941,-17.773365020751953,0.003611405845731497,17.784282684326172,10.280253087674444,"runs\SAC_enc256\chkpts\2026-04-20-11_07_05.pt",4,4,0
380000,63.30954165542498,1846,1.2189643383026123,-17.950363159179688,0.0035578804090619087,17.96368408203125,10.280873072499997,"runs\SAC_enc256\chkpts\2026-04-20-11_08_40.pt",3,3,0
381000,62.25797488987446,1850,1.4136388301849365,-18.517292022705078,0.003509370842948556,18.529638290405273,10.280795466225673,"runs\SAC_enc256\chkpts\2026-04-20-11_10_17.pt",4,4,0
382000,61.07115672221407,1853,0.7809880971908569,-18.515514373779297,0.0036218927707523108,18.525691986083984,10.281377603303632,"runs\SAC_enc256\chkpts\2026-04-20-11_11_52.pt",3,3,0
383000,62.55165728721768,1859,0.18127059936523438,-18.37398910522461,0.0037123209331184626,18.38714599609375,10.280759382851729,"runs\SAC_enc256\chkpts\2026-04-20-11_13_32.pt",6,6,0
384000,60.91225194185972,1863,0.5774447917938232,-18.075096130371094,0.0036404975689947605,18.087364196777344,10.28092695819323,"runs\SAC_enc256\chkpts\2026-04-20-11_15_08.pt",4,4,0
385000,65.32026321478187,1864,1.024472951889038,-18.789873123168945,0.0036263098008930683,18.80129623413086,10.282347855380301,"runs\SAC_enc256\chkpts\2026-04-20-11_16_41.pt",1,1,0
386000,73.77234575813637,1866,1.815755844116211,-18.542194366455078,0.003683577524498105,18.554420471191406,10.28312489711791,"runs\SAC_enc256\chkpts\2026-04-20-11_18_15.pt",2,1,0
387000,70.02971170367672,1871,1.5835670232772827,-18.812034606933594,0.0038461382500827312,18.824459075927734,10.282856043164244,"runs\SAC_enc256\chkpts\2026-04-20-11_19_53.pt",5,5,0
388000,62.527789747156206,1876,0.7785025835037231,-18.25751495361328,0.003964205272495747,18.26892852783203,10.282552563686227,"runs\SAC_enc256\chkpts\2026-04-20-11_21_32.pt",5,5,0
389000,63.16169010866433,1878,1.3815135955810547,-18.72167205810547,0.003861954202875495,18.733272552490234,10.283546178626201,"runs\SAC_enc256\chkpts\2026-04-20-11_23_05.pt",2,2,0
390000,71.86654167156667,1881,1.458063006401062,-18.559494018554688,0.003745757043361664,18.57093048095703,10.284038405389154,"runs\SAC_enc256\chkpts\2026-04-20-11_24_41.pt",3,3,0
391000,74.23269581766799,1884,1.4285863637924194,-18.73985481262207,0.0036801996175199747,18.75033187866211,10.284564199886931,"runs\SAC_enc256\chkpts\2026-04-20-11_26_16.pt",3,3,0
392000,65.06820000857115,1888,2.449479103088379,-18.675121307373047,0.00360359949991107,18.68544578552246,10.28467728405289,"runs\SAC_enc256\chkpts\2026-04-20-11_27_53.pt",4,4,0
393000,70.36541908979416,1891,1.9895875453948975,-18.29819107055664,0.0036633426789194345,18.311485290527344,10.285183401163373,"runs\SAC_enc256\chkpts\2026-04-20-11_29_28.pt",3,3,0
394000,66.3414676995948,1897,1.9923441410064697,-18.76211929321289,0.0037130541168153286,18.77246856689453,10.28431471633368,"runs\SAC_enc256\chkpts\2026-04-20-11_31_09.pt",6,5,0
395000,61.169909856561574,1900,1.7884893417358398,-18.569599151611328,0.003685202682390809,18.578815460205078,10.284871767435046,"runs\SAC_enc256\chkpts\2026-04-20-11_32_44.pt",3,3,0
396000,52.25915648955852,1906,1.1713213920593262,-18.362037658691406,0.003649074351415038,18.373065948486328,10.284061099657823,"runs\SAC_enc256\chkpts\2026-04-20-11_34_24.pt",6,6,0
397000,45.744273426756266,1911,1.3385891914367676,-18.615596771240234,0.0036925252061337233,18.626619338989258,10.283769220612811,"runs\SAC_enc256\chkpts\2026-04-20-11_36_02.pt",5,5,0
398000,53.33216084800661,1915,1.9090275764465332,-18.627708435058594,0.003672307822853327,18.63884925842285,10.283793610106596,"runs\SAC_enc256\chkpts\2026-04-20-11_37_39.pt",4,4,0
399000,61.27902505509555,1916,2.5015604496002197,-18.386245727539062,0.0035451198928058147,18.39743423461914,10.285587217532488,"runs\SAC_enc256\chkpts\2026-04-20-11_39_10.pt",1,0,0
400000,69.14986172039062,1918,1.1985639333724976,-18.54692840576172,0.0035197832621634007,18.556188583374023,10.286862284463693,"runs\SAC_enc256\chkpts\2026-04-20-11_40_42.pt",2,1,0
401000,63.74176432611421,1921,1.2934342622756958,-18.703174591064453,0.00356707233004272,18.712373733520508,10.287993097638749,"runs\SAC_enc256\chkpts\2026-04-20-11_42_15.pt",3,3,0
402000,72.13911821190268,1923,0.7570559978485107,-18.393569946289062,0.0035326427314430475,18.40396499633789,10.289484882792966,"runs\SAC_enc256\chkpts\2026-04-20-11_43_47.pt",2,2,0
403000,74.81428116373718,1924,2.700007438659668,-18.71806526184082,0.0033967553172260523,18.72919464111328,10.291408688620756,"runs\SAC_enc256\chkpts\2026-04-20-11_45_17.pt",1,1,0
404000,84.5326914462261,1925,3.861560344696045,-18.64777374267578,0.0034034822601825,18.65732765197754,10.293105741199176,"runs\SAC_enc256\chkpts\2026-04-20-11_46_47.pt",1,0,0
405000,91.8580774916336,1926,0.3168487548828125,-19.340900421142578,0.00348270358517766,19.35138702392578,10.295028417139159,"runs\SAC_enc256\chkpts\2026-04-20-11_48_17.pt",1,1,0
406000,101.69264972601086,1927,2.1817641258239746,-18.469707489013672,0.0034319052938371897,18.480289459228516,10.296671799682496,"runs\SAC_enc256\chkpts\2026-04-20-11_49_48.pt",1,0,0
407000,108.24944069748744,1931,4.960280895233154,-18.099048614501953,0.0034917211160063744,18.108844757080078,10.297043670335938,"runs\SAC_enc256\chkpts\2026-04-20-11_51_24.pt",4,3,0
408000,115.65853948695585,1934,1.1176543235778809,-18.24941062927246,0.003597079310566187,18.260452270507812,10.298034319920841,"runs\SAC_enc256\chkpts\2026-04-20-11_52_57.pt",3,3,0
409000,112.43095293799415,1936,0.9855751991271973,-18.59623146057129,0.003596452996134758,18.606098175048828,10.299265489790548,"runs\SAC_enc256\chkpts\2026-04-20-11_54_29.pt",2,2,0
410000,107.42892330186442,1939,0.7715498208999634,-19.099937438964844,0.0035872403532266617,19.110153198242188,10.300079363993719,"runs\SAC_enc256\chkpts\2026-04-20-11_56_03.pt",3,3,0
411000,98.56202719826251,1944,0.9094493389129639,-18.72842788696289,0.003505174769088626,18.738388061523438,10.30007615827118,"runs\SAC_enc256\chkpts\2026-04-20-11_57_40.pt",5,5,0
412000,91.95575841395184,1946,2.9210920333862305,-18.46664047241211,0.0035313342232257128,18.478851318359375,10.301204590544467,"runs\SAC_enc256\chkpts\2026-04-20-11_59_13.pt",2,2,0
413000,78.82186217708514,1948,0.8475981950759888,-19.082778930664062,0.0036237582098692656,19.092266082763672,10.302220446645597,"runs\SAC_enc256\chkpts\2026-04-20-12_00_46.pt",2,2,0
414000,85.60807662187145,1951,2.2218074798583984,-19.166343688964844,0.0036787609569728374,19.176380157470703,10.302823676001134,"runs\SAC_enc256\chkpts\2026-04-20-12_02_21.pt",3,3,0
415000,82.39054328650236,1952,0.6844959259033203,-18.766817092895508,0.0037476650904864073,18.77875518798828,10.304039307206939,"runs\SAC_enc256\chkpts\2026-04-20-12_03_53.pt",1,1,0
416000,84.66555921044201,1954,2.7189295291900635,-19.283279418945312,0.0038164479192346334,19.29392433166504,10.304726414686481,"runs\SAC_enc256\chkpts\2026-04-20-12_05_28.pt",2,1,0
417000,91.98549856459722,1955,2.1963260173797607,-18.481231689453125,0.0036255645100027323,18.491802215576172,10.305738942274619,"runs\SAC_enc256\chkpts\2026-04-20-12_07_01.pt",1,0,0
418000,101.74195484537631,1957,1.129538655281067,-19.04276466369629,0.003550768829882145,19.05311393737793,10.30637663462566,"runs\SAC_enc256\chkpts\2026-04-20-12_08_35.pt",2,1,0
419000,93.27747359322385,1958,0.8377844095230103,-19.230224609375,0.003460760461166501,19.240726470947266,10.30747244451236,"runs\SAC_enc256\chkpts\2026-04-20-12_10_08.pt",1,1,0
420000,101.21544795483351,1959,6.33466100692749,-18.65579605102539,0.0034050357062369585,18.664417266845703,10.308379599253543,"runs\SAC_enc256\chkpts\2026-04-20-12_11_41.pt",1,0,0
421000,111.67728091161698,1960,1.1644504070281982,-18.679115295410156,0.003394404426217079,18.688316345214844,10.309441208079752,"runs\SAC_enc256\chkpts\2026-04-20-12_13_14.pt",1,0,0
422000,118.83460396211595,1961,0.5465491414070129,-19.120084762573242,0.0035086162388324738,19.12923812866211,10.310413877228777,"runs\SAC_enc256\chkpts\2026-04-20-12_14_47.pt",1,0,0
423000,124.27270383331924,1965,0.385675311088562,-18.62268829345703,0.0035567048471421003,18.634878158569336,10.310084659504888,"runs\SAC_enc256\chkpts\2026-04-20-12_16_26.pt",4,2,0
424000,119.33241732884198,1968,0.29999876022338867,-18.58869171142578,0.003642103634774685,18.600448608398438,10.310544337756214,"runs\SAC_enc256\chkpts\2026-04-20-12_18_01.pt",3,3,0
425000,123.04389799069614,1969,0.812275767326355,-19.071828842163086,0.0036206375807523727,19.084333419799805,10.311589354635842,"runs\SAC_enc256\chkpts\2026-04-20-12_19_34.pt",1,0,0
426000,120.63116938080638,1971,0.220402792096138,-18.43869972229004,0.0036642493214458227,18.45034408569336,10.312421453009406,"runs\SAC_enc256\chkpts\2026-04-20-12_21_07.pt",2,2,0
427000,129.77801515394822,1972,1.209883451461792,-19.445158004760742,0.0035668169148266315,19.455764770507812,10.313424396236568,"runs\SAC_enc256\chkpts\2026-04-20-12_22_40.pt",1,0,0
428000,129.41778865521775,1973,0.23126912117004395,-19.052932739257812,0.003768729045987129,19.065174102783203,10.314643808754486,"runs\SAC_enc256\chkpts\2026-04-20-12_24_12.pt",1,1,0
429000,139.41306144557893,1975,0.3531848192214966,-18.726383209228516,0.003682816866785288,18.73664093017578,10.315263728550457,"runs\SAC_enc256\chkpts\2026-04-20-12_25_47.pt",2,1,0
430000,120.53464424684644,1979,3.8737001419067383,-19.396472930908203,0.0036080817226320505,19.406291961669922,10.315111269911714,"runs\SAC_enc256\chkpts\2026-04-20-12_27_24.pt",4,3,0
431000,99.51045741448179,1982,1.5697519779205322,-18.833477020263672,0.0035974839702248573,18.841278076171875,10.315616573442789,"runs\SAC_enc256\chkpts\2026-04-20-12_28_59.pt",3,3,0
432000,108.4740417928435,1983,0.9235178232192993,-19.098167419433594,0.003587163519114256,19.10771942138672,10.31657232638643,"runs\SAC_enc256\chkpts\2026-04-20-12_30_32.pt",1,0,0
433000,114.28303539892659,1985,1.612497329711914,-19.19830894470215,0.0034775210078805685,19.209880828857422,10.31712911620837,"runs\SAC_enc256\chkpts\2026-04-20-12_32_07.pt",2,1,0
434000,103.05216445811092,1990,1.060038685798645,-18.82856559753418,0.0035602764692157507,18.838899612426758,10.316722868760476,"runs\SAC_enc256\chkpts\2026-04-20-12_33_45.pt",5,5,0
435000,97.48477439684794,1992,0.2899113893508911,-19.068641662597656,0.0036153532564640045,19.078907012939453,10.317546028731151,"runs\SAC_enc256\chkpts\2026-04-20-12_35_19.pt",2,2,0
436000,97.67250089114532,1993,1.064643144607544,-19.092966079711914,0.003523024031892419,19.102455139160156,10.318562516758815,"runs\SAC_enc256\chkpts\2026-04-20-12_36_52.pt",1,0,0
437000,83.8335533621721,1995,1.599399447441101,-19.07314109802246,0.003516922704875469,19.084897994995117,10.319307671993009,"runs\SAC_enc256\chkpts\2026-04-20-12_38_26.pt",2,2,0
438000,83.8357376985252,2001,2.4231884479522705,-19.609642028808594,0.0035048455465584993,19.62014389038086,10.318329368772542,"runs\SAC_enc256\chkpts\2026-04-20-12_40_07.pt",6,5,0
439000,74.30641909269616,2003,1.7212337255477905,-19.245059967041016,0.0035087482538074255,19.257396697998047,10.319121131188036,"runs\SAC_enc256\chkpts\2026-04-20-12_41_40.pt",2,2,0
440000,73.12222961802036,2005,1.4025481939315796,-18.919479370117188,0.0034101312048733234,18.929248809814453,10.319873150780642,"runs\SAC_enc256\chkpts\2026-04-20-12_43_14.pt",2,2,0
441000,78.55651563918218,2010,0.8134037256240845,-19.409008026123047,0.0035853320732712746,19.419065475463867,10.319340651838512,"runs\SAC_enc256\chkpts\2026-04-20-12_44_53.pt",5,4,0
442000,78.91994415419177,2011,0.8601772785186768,-19.26260757446289,0.0036371329333633184,19.2722110748291,10.32049006662523,"runs\SAC_enc256\chkpts\2026-04-20-12_46_25.pt",1,1,0
443000,66.24742930484936,2016,2.7651233673095703,-19.13397979736328,0.003547659842297435,19.144182205200195,10.319895493917274,"runs\SAC_enc256\chkpts\2026-04-20-12_48_05.pt",5,5,0
444000,65.65163009027019,2017,0.2630714774131775,-19.048553466796875,0.003541078418493271,19.05846405029297,10.32094826249216,"runs\SAC_enc256\chkpts\2026-04-20-12_49_37.pt",1,1,0
445000,77.04417880084365,2020,2.220165252685547,-18.922260284423828,0.003409025724977255,18.932411193847656,10.321110610401794,"runs\SAC_enc256\chkpts\2026-04-20-12_51_13.pt",3,2,0
446000,85.99850305123255,2023,1.3533947467803955,-19.290950775146484,0.0033875242806971073,19.301177978515625,10.321517160342758,"runs\SAC_enc256\chkpts\2026-04-20-12_52_48.pt",3,3,0
447000,72.37667775759473,2026,1.772329330444336,-19.22008514404297,0.00334773282520473,19.23077392578125,10.322322796847226,"runs\SAC_enc256\chkpts\2026-04-20-12_54_22.pt",3,3,0
448000,83.05687001151963,2028,1.8097225427627563,-19.29182243347168,0.003238492412492633,19.300844192504883,10.32342342204234,"runs\SAC_enc256\chkpts\2026-04-20-12_55_54.pt",2,1,0
449000,78.4454352597706,2032,0.9008097648620605,-19.071134567260742,0.003230535425245762,19.080188751220703,10.323976959166027,"runs\SAC_enc256\chkpts\2026-04-20-12_57_29.pt",4,4,0
450000,85.33005746109411,2033,1.6645939350128174,-19.24298095703125,0.00330629525706172,19.252925872802734,10.325624394669422,"runs\SAC_enc256\chkpts\2026-04-20-12_58_59.pt",1,1,0
451000,86.10762799112126,2035,2.8056674003601074,-19.24164581298828,0.003423561342060566,19.251266479492188,10.326862915857395,"runs\SAC_enc256\chkpts\2026-04-20-13_00_30.pt",2,2,0
452000,94.11433894680813,2038,1.1969225406646729,-19.30560874938965,0.003396799089387059,19.315216064453125,10.327714453903171,"runs\SAC_enc256\chkpts\2026-04-20-13_02_04.pt",3,3,0
453000,85.34280158411711,2043,0.9552732706069946,-19.381244659423828,0.003441897453740239,19.393335342407227,10.32786778040271,"runs\SAC_enc256\chkpts\2026-04-20-13_03_40.pt",5,5,0
454000,92.32841039747,2044,1.3625988960266113,-18.949872970581055,0.0033193326089531183,18.959959030151367,10.329292971872288,"runs\SAC_enc256\chkpts\2026-04-20-13_05_10.pt",1,0,0
455000,90.25575188072398,2046,0.9658780097961426,-19.32291030883789,0.0031740539707243443,19.333261489868164,10.330414114840094,"runs\SAC_enc256\chkpts\2026-04-20-13_06_42.pt",2,2,0
456000,90.06640244154259,2050,1.4618364572525024,-18.821470260620117,0.0032839993946254253,18.831436157226562,10.330678319886513,"runs\SAC_enc256\chkpts\2026-04-20-13_08_18.pt",4,3,0
457000,78.92322453996167,2055,2.130148410797119,-19.09535026550293,0.003411456709727645,19.105243682861328,10.330663253325895,"runs\SAC_enc256\chkpts\2026-04-20-13_09_55.pt",5,5,0
458000,68.0972344818525,2059,1.6232473850250244,-19.229934692382812,0.0034271907061338425,19.240257263183594,10.330401206495333,"runs\SAC_enc256\chkpts\2026-04-20-13_11_33.pt",4,4,0
459000,72.58857659259812,2061,0.9865735173225403,-19.20832061767578,0.003386871889233589,19.218109130859375,10.331128884688194,"runs\SAC_enc256\chkpts\2026-04-20-13_13_07.pt",2,2,0
460000,65.36790092792361,2064,0.8975590467453003,-19.320735931396484,0.0033052642829716206,19.32979393005371,10.331421025253002,"runs\SAC_enc256\chkpts\2026-04-20-13_14_42.pt",3,3,0
461000,66.74957913793624,2067,0.6503685116767883,-18.47684097290039,0.003283523488789797,18.48781967163086,10.331715009863972,"runs\SAC_enc256\chkpts\2026-04-20-13_16_18.pt",3,3,0
462000,75.94967796765268,2068,0.6341372728347778,-19.104793548583984,0.0031277129892259836,19.113677978515625,10.332606501594945,"runs\SAC_enc256\chkpts\2026-04-20-13_17_51.pt",1,0,0
463000,76.8723604278639,2069,0.3176531195640564,-19.258575439453125,0.003147413721308112,19.26785659790039,10.333702437902616,"runs\SAC_enc256\chkpts\2026-04-20-13_19_23.pt",1,1,0
464000,81.92826283425093,2072,0.9909011125564575,-18.811433792114258,0.0032594003714621067,18.822406768798828,10.334074658290518,"runs\SAC_enc256\chkpts\2026-04-20-13_20_58.pt",3,3,0
465000,91.42019546469673,2075,0.5630532503128052,-19.305984497070312,0.0033478604163974524,19.314964294433594,10.334405676808432,"runs\SAC_enc256\chkpts\2026-04-20-13_22_33.pt",3,3,0
466000,96.8600897030905,2078,1.2569952011108398,-18.646835327148438,0.00334860454313457,18.658161163330078,10.334770180689803,"runs\SAC_enc256\chkpts\2026-04-20-13_24_08.pt",3,3,0
467000,97.92008102713153,2080,1.6693849563598633,-19.09075355529785,0.0033090885262936354,19.101791381835938,10.335115423209325,"runs\SAC_enc256\chkpts\2026-04-20-13_25_44.pt",2,2,0
468000,95.51710269991308,2082,0.7567656636238098,-19.232925415039062,0.003365722019225359,19.24310302734375,10.335827492345617,"runs\SAC_enc256\chkpts\2026-04-20-13_27_17.pt",2,2,0
469000,100.5089727952145,2084,0.8263891339302063,-19.10787010192871,0.0032778556924313307,19.117713928222656,10.336587673291588,"runs\SAC_enc256\chkpts\2026-04-20-13_28_51.pt",2,2,0
470000,98.49003899386153,2085,0.8841909766197205,-19.150053024291992,0.003238966455683112,19.160146713256836,10.33761779209445,"runs\SAC_enc256\chkpts\2026-04-20-13_30_23.pt",1,1,0
471000,103.25871180268004,2086,1.4651132822036743,-18.77349853515625,0.003304640296846628,18.784313201904297,10.338466455214435,"runs\SAC_enc256\chkpts\2026-04-20-13_31_56.pt",1,0,0
472000,113.67718954812736,2087,2.6960177421569824,-19.20439338684082,0.0033029767218977213,19.214937210083008,10.339292852658243,"runs\SAC_enc256\chkpts\2026-04-20-13_33_29.pt",1,0,0
473000,113.1741895311512,2088,0.7630118727684021,-19.521886825561523,0.0032977848313748837,19.531042098999023,10.340139305094327,"runs\SAC_enc256\chkpts\2026-04-20-13_35_02.pt",1,0,0
474000,118.35319654922932,2089,1.387636423110962,-18.965198516845703,0.0033410158939659595,18.974559783935547,10.340947359501184,"runs\SAC_enc256\chkpts\2026-04-20-13_36_35.pt",1,0,0
475000,125.83247170802206,2092,0.5022722482681274,-19.115142822265625,0.0032470724545419216,19.12468719482422,10.341124469844237,"runs\SAC_enc256\chkpts\2026-04-20-13_38_11.pt",3,2,0
476000,122.1763130357489,2093,3.3245625495910645,-18.897571563720703,0.0033534604590386152,18.907325744628906,10.342127303749747,"runs\SAC_enc256\chkpts\2026-04-20-13_39_43.pt",1,1,0
477000,128.7156481668353,2094,4.272747039794922,-19.188875198364258,0.0033771409653127193,19.19823455810547,10.342905040576932,"runs\SAC_enc256\chkpts\2026-04-20-13_41_16.pt",1,0,0
478000,135.9304292852059,2095,4.634923934936523,-19.133535385131836,0.0032444444950670004,19.142641067504883,10.343741923503373,"runs\SAC_enc256\chkpts\2026-04-20-13_42_49.pt",1,0,0
479000,141.882009359356,2096,0.4418369233608246,-19.162887573242188,0.0031190942972898483,19.172943115234375,10.344557314154892,"runs\SAC_enc256\chkpts\2026-04-20-13_44_22.pt",1,0,0
480000,149.63126086136327,2097,1.893523097038269,-18.863788604736328,0.0030518118292093277,18.87218475341797,10.345376747049947,"runs\SAC_enc256\chkpts\2026-04-20-13_45_55.pt",1,0,0
481000,156.31466572005303,2098,1.6099258661270142,-19.289108276367188,0.0029101974796503782,19.298208236694336,10.346133454613309,"runs\SAC_enc256\chkpts\2026-04-20-13_47_29.pt",1,0,0
482000,161.21927073737606,2101,2.156924247741699,-18.910850524902344,0.0029585675802081823,18.920833587646484,10.346398091600392,"runs\SAC_enc256\chkpts\2026-04-20-13_49_04.pt",3,3,0
483000,156.81154860900716,2102,2.0439484119415283,-18.825902938842773,0.0028614038601517677,18.83489418029785,10.347213656603445,"runs\SAC_enc256\chkpts\2026-04-20-13_50_37.pt",1,0,0
484000,161.95752924485132,2104,1.517932653427124,-19.41122055053711,0.002918203128501773,19.420547485351562,10.347666253867015,"runs\SAC_enc256\chkpts\2026-04-20-13_52_12.pt",2,1,0
485000,163.84644002523274,2105,2.3549580574035645,-19.706241607666016,0.0028741636779159307,19.714136123657227,10.348606057120323,"runs\SAC_enc256\chkpts\2026-04-20-13_53_44.pt",1,1,0
486000,160.82061759522185,2106,1.2603759765625,-19.574790954589844,0.0028551791328936815,19.583208084106445,10.349491760549848,"runs\SAC_enc256\chkpts\2026-04-20-13_55_17.pt",1,1,0
487000,160.78061758726835,2107,0.42281174659729004,-19.23199462890625,0.002888136776164174,19.24095344543457,10.35028180279551,"runs\SAC_enc256\chkpts\2026-04-20-13_56_50.pt",1,0,0
488000,160.5626175828278,2108,0.4314963221549988,-19.438064575195312,0.0029225938487797976,19.44776725769043,10.351028623593004,"runs\SAC_enc256\chkpts\2026-04-20-13_58_23.pt",1,0,0
489000,152.1673603910953,2111,0.9314857721328735,-19.436073303222656,0.0031289781909435987,19.446697235107422,10.351085778329017,"runs\SAC_enc256\chkpts\2026-04-20-13_59_59.pt",3,2,0
490000,153.294222173281,2112,1.251110553741455,-19.381179809570312,0.0031004962511360645,19.390384674072266,10.351960078532523,"runs\SAC_enc256\chkpts\2026-04-20-14_01_32.pt",1,1,0
491000,157.59319183761255,2113,0.9509443044662476,-19.022380828857422,0.0030021064449101686,19.03133773803711,10.352823213428458,"runs\SAC_enc256\chkpts\2026-04-20-14_03_04.pt",1,1,0
492000,155.67966570705175,2115,1.7802929878234863,-19.203754425048828,0.002965696156024933,19.213207244873047,10.353269228466187,"runs\SAC_enc256\chkpts\2026-04-20-14_04_39.pt",2,1,0
493000,143.98202748615296,2117,0.4459008574485779,-19.603025436401367,0.0030163233168423176,19.6112060546875,10.353855124911158,"runs\SAC_enc256\chkpts\2026-04-20-14_06_13.pt",2,2,0
494000,136.18964902609588,2120,0.37686726450920105,-19.337860107421875,0.003025258192792535,19.346965789794922,10.35406900868233,"runs\SAC_enc256\chkpts\2026-04-20-14_07_48.pt",3,3,0
495000,130.71604526946322,2121,1.904653787612915,-19.44936752319336,0.003071425249800086,19.458585739135742,10.355158822791534,"runs\SAC_enc256\chkpts\2026-04-20-14_09_20.pt",1,1,0
496000,137.01667226124556,2123,1.300365924835205,-19.564659118652344,0.002994094742462039,19.574512481689453,10.355719601847927,"runs\SAC_enc256\chkpts\2026-04-20-14_10_54.pt",2,1,0
497000,134.17874896638097,2125,1.1858619451522827,-19.52371597290039,0.003041066462174058,19.532550811767578,10.356357777842021,"runs\SAC_enc256\chkpts\2026-04-20-14_12_28.pt",2,2,0
498000,130.2565917293541,2127,1.287360668182373,-19.501981735229492,0.002977878786623478,19.510089874267578,10.356927079784043,"runs\SAC_enc256\chkpts\2026-04-20-14_14_02.pt",2,2,0
499000,119.55305915744975,2129,2.000986099243164,-19.084871292114258,0.0029660554137080908,19.09365463256836,10.357485973030894,"runs\SAC_enc256\chkpts\2026-04-20-14_15_35.pt",2,2,0
